Número de Pregunta,Tópico,Enunciado de la Pregunta,Alternativa A,Alternativa B,Alternativa C,Alternativa D,Respuesta Correcta,Justificación Técnica
1,Tópico 2: Conceptos y Lazos,"Un lazo de control térmico regula la temperatura de una reacción química cuyo Set Point está fijado en 343.15 Kelvin. Debido a una perturbación en el suministro de vapor, la variable controlada sufre una caída drástica de 15 grados Celsius. ¿Cuál es el valor actual medido por el sensor expresado en la escala Celsius?",55.0 °C,70.0 °C,85.0 °C,40.0 °C,A,"343.15 K equivale a 70 °C (343.15 - 273.15). Si la temperatura cae 15 °C (que posee la misma magnitud de escala que un cambio en Kelvin), el valor medido actual es 70 °C - 15 °C = 55 °C."
2,Tópico 2: Conceptos y Lazos,"Un canal de dosificación farmacéutica inyecta un volumen neto de 750 mililitros (ml) de un principio activo cada 45 segundos. Si este parámetro se define como la variable manipulada de un lazo mayor, ¿cuál es su equivalencia exacta de caudal en metros cúbicos por hora (m³/h)?",0.060 m³/h,0.016 m³/h,0.600 m³/h,1.666 m³/h,A,"750 ml equivalen a 0.75 litros o 0.00075 m³. Si esto ocurre en 45 segundos, el caudal por segundo es 0.00075 / 45 = 0.00001666 m³/s. Al multiplicar por 3600 segundos que tiene una hora: 0.00001666 * 3600 = 0.06 m³/h."
3,Tópico 3: Magnitudes y Señales,Se requiere instrumentar una planta textil y se debate entre implementar una red de transmisores con salidas analógicas de 4-20 mA o interruptores digitales (On/Off). ¿Qué enunciado define con precisión la diferencia operativa crítica en el procesamiento de estas señales?,"La señal analógica representa de forma continua infinitos estados de la variable dentro de un rango mediante corrientes proporcionales, mientras que la señal digital discretiza la información en estados lógicos binarios definidos.","La señal analógica requiere de un medio de transmisión neumático obligatorio, mientras que la señal digital viaja exclusivamente por pulsos de voltaje con mucha presición.","La señal digital permite conocer el valor numérico exacto de la variable física en cualquier punto del tiempo, mientras que la analógica solo reporta alarmas de exceso.","Las señales analógicas son inmunes al ruido electromagnético de alta frecuencia industrial gracias a su naturaleza binaria, a diferencia de las digitales.",A,"La naturaleza analógica radica en la continuidad matemática del rango (infinitos valores proporcionales como 4-20 mA), mientras que las digitales se limitan a estados lógicos discretos (0 o 1, abierto o cerrado)."
4,Tópico 4: Norma ISA 5.1 (Tagging),"De acuerdo con las tablas de codificación de letras de la norma ISA 5.1, si un instrumento en un plano de procesos posee el Tag 'PDIT-402', ¿cuál es la identificación funcional exacta del dispositivo?",Transmisor e indicador de presión diferencial en el lazo 402,Transmisor indicador de temperatura pasiva en la planta 402,Temporizador digital de impulsos mecánicos de caudal,Indicador de purga directa de fluidos térmicos,A,"La primera letra 'P' es la variable (Presión), modificada por 'D' (Diferencial). Las letras sucesivas representan las funciones: 'I' (Indicador) y 'T' (Transmisor)."
5,Tópico 4: Norma ISA 5.1 (Tagging),"Al revisar la documentación técnica de una caldera de recuperación, se encuentra un elemento final de control etiquetado como 'TV-105'. ¿Qué tipo de dispositivo representa esta nomenclatura bajo la norma ISA 5.1?",Una válvula de control de temperatura,Un transmisor de velocidad variable,Un ventilador térmico industrial,Un indicador visual de tensión,A,"La primera letra 'T' define que la variable física asociada es la Temperatura, y la letra sucesiva 'V' identifica que la función del dispositivo es una Válvula (elemento final de control)."
6,Tópico 5: Escalamiento Analógico,"Un transmisor de nivel analógico calibrado linealmente entrega una señal de salida de 4 a 20 mA para un rango de medición de 0 a 3 metros de altura en un tanque. Si el instrumento está reportando una corriente constante de 10.4 mA, ¿cuál es la altura real de líquido calculada matemáticamente en el tanque?",1.20 metros,1.50 metros,0.95 metros,1.85 metros,A,La ecuación de escalamiento es: Variable = Min_V + ((I_medida - Min_I) / (Max_I - Min_I)) * (Max_V - Min_V). Sustituyendo: Variable = 0 + ((10.4 - 4) / (20 - 4)) * (3 - 0) = (6.4 / 16) * 3 = 0.4 * 3 = 1.20 metros.
7,Tópico 5: Escalamiento Analógico,"Un sensor analógico de presión industrial entrega un rango de voltaje de 0 a 10 VCC correspondiente a un proceso de 0 a 50 bar. Debido a un requisito del PLC, se necesita conocer qué presión corresponde a un valor medido de 7.2 Voltios. Calcule dicho valor.",36.0 bar,35.2 bar,40.0 bar,28.8 bar,A,La relación es directamente proporcional: Presión = (Voltaje medido / Voltaje máximo) * Presión máxima. Presión = (7.2 / 10) * 50 = 0.72 * 50 = 36.0 bar.
8,Tópico 1: Introducción,¿Qué hito de la evolución histórica industrial consolidó el concepto moderno de instrumentación al permitir la centralización de señales analógicas y el nacimiento de las primeras salas de control remotas alejadas mecánicamente de la planta?,La estandarización de las señales neumáticas de 3-15 psi y eléctricas de 4-20 mA a mediados del siglo XX.,El diseño del primer torno mecánico automatizado mediante tarjetas perforadas de madera en 1801.,La introducción comercial de la fibra óptica monomodo para buses de campo en la década de 1920.,La invención de los termopares de platino durante la primera revolución industrial del carbón.,A,"La unificación y estandarización de rangos como 3-15 psi y luego 4-20 mA permitieron interconectar instrumentos de distintas marcas a largas distancias, originando las salas de control modernas."
9,Tópico 2: Conceptos y Lazos,"Un lazo de control encargado del llenado de un depósito de almacenamiento de reactivos falla catastróficamente porque el sensor se desconecta físicamente de la línea de retroalimentación, pero el controlador sigue operando con el último valor estático registrado. ¿Cómo se comporta operativamente el sistema ante esta condición?","El lazo cerrado muta funcionalmente a un comportamiento de lazo abierto, perdiendo la capacidad de corregir desviaciones reales de la planta.",El controlador calcula de forma automática el error real mediante algoritmos predictivos basados en el volumen inicial.,El actuador se posiciona instantáneamente en un estado de oscilación senoidal amortiguada de alta frecuencia.,La planta se auto-estabiliza debido a que el Set Point absorbe el desfase matemático del error remanente.,A,"Al perder el lazo la señal real del sensor en tiempo real (retroalimentación), el controlador pierde el conocimiento del estado real de la variable, actuando de forma ciega (operación en lazo abierto)."
10,Tópico 2: Conceptos y Lazos,Un fluxómetro registra un caudal volumétrico constante de 0.05 m³/s hacia un tanque de mezcla química. Se necesita calcular cuántos contenedores cúbicos pequeños de 250 litros cada uno se pueden llenar de forma exacta si el lazo opera de forma ininterrumpida durante un intervalo de 10 minutos.,120 contenedores,12 contenedores,300 contenedores,60 contenedores,A,"Volumen total en 10 min: Caudal * tiempo = 0.05 m³/s * (10 * 60 s) = 0.05 * 600 = 30 m³. Como 1 m³ = 1000 litros, 30 m³ = 30,000 litros. Dividido por la capacidad del contenedor: 30,000 / 250 = 120 contenedores."
11,Tópico 3: Magnitudes y Señales,"Al diseñar la adquisición de datos de un sensor analógico frente a uno digital, un ingeniero analiza el fenómeno del muestreo. ¿Qué limitación matemática intrínseca posee una señal digitalizada en comparación con una señal analógica pura de planta?",La señal digital sufre de un error de cuantización debido a que los niveles analógicos continuos deben aproximarse a valores discretos finitos.,La señal digital pierde potencia de voltaje exponencialmente con la distancia geométrica del cableado eléctrico de cobre.,Las señales digitales no pueden procesar variables físicas de respuesta rápida como la presión de impacto hidráulico.,La señal digital requiere de un conductor físico blindado de oro de alta pureza para no alterar su frecuencia binaria.,A,"Cualquier conversión de analógico a digital (ADC) implica una discretización tanto en tiempo como en amplitud, lo que genera un error de cuantización inherente que no posee la señal continua analógica."
12,Tópico 4: Norma ISA 5.1 (Tagging),"En una sección crítica de una refinería se ubica un instrumento cuya etiqueta física dice 'FQIT-501'. Evaluando detalladamente los códigos de letras de la norma ISA 5.1, ¿cuál es la función de este componente?","Transmisor, indicador de caudal en el lazo 501",Controlador diferencial de temperatura con enclavamiento lógico,Sensor indicador de frecuencia eléctrica en líneas de potencia de planta,Indicador cualitativo de flujo de gases pesados combustibles,A,La primera letra 'F' representa Caudal (Flow) Las siguientes letras 'I' y 'T' significan Indicador y Transmisor.
13,Tópico 4: Norma ISA 5.1 (Tagging),Un plano P&ID muestra un círculo con una única línea horizontal continua que cruza su centro de extremo a extremo. ¿Qué le indica esta simbología gráfica al técnico montajista sobre la accesibilidad del instrumento?,El instrumento está instalado en el panel de control principal o consola y es totalmente accesible al operador de planta.,El instrumento está enterrado o montado directamente en la cañería de campo sin acceso visual directo.,"El dispositivo se encuentra montado detrás del tablero de control, siendo inaccesible durante la operación normal.",Representa una función de software interna de un sistema de control distribuido inaccesible físicamente.,A,"Según ISA 5.1, un círculo con una línea horizontal continua central denota un instrumento montado en un panel central o sala de control, accesible para el operador."
14,Tópico 5: Escalamiento Analógico,"Un transmisor analógico de temperatura configurado de -50 °C a 150 °C envía una señal de corriente hacia un PLC. Si el canal de entrada analógica del PLC mide exactamente 8.8 mA, ¿cuál es el valor de la temperatura en grados Celsius que se está registrando en el proceso?",10.0 °C,5.0 °C,15.5 °C,0.0 °C,A,Rango de corriente: 20 - 4 = 16 mA. Corriente neta sobre el cero vivo: 8.8 - 4 = 4.8 mA. Porcentaje del rango: 4.8 / 16 = 0.3 (30%). Rango de temperatura: 150 - (-50) = 200 °C. Incremento de temperatura: 200 * 0.3 = 60 °C. Temperatura final = Mínimo + incremento = -50 + 60 = 10.0 °C.
15,Tópico 5: Escalamiento Analógico,"Se dispone de un sistema de adquisición que escala una señal analógica de caudal de 4-20 mA. El rango del sensor de flujo es de 10 m³/h a 110 m³/h. Si ocurre una rotura de cañería y el flujo real cae a cero m³/h (por debajo del límite inferior del instrumento), ¿qué corriente teórica de salida intentaría generar idealmente el transmisor si mantuviese su linealidad matemática matemática descendente?",2.4 mA,4.0 mA,0.0 mA,1.6 mA,A,La pendiente matemática es m = (20 - 4) / (110 - 10) = 16 / 100 = 0.16 mA por cada m³/h. La ecuación de la recta es I = 4 + 0.16 * (Caudal - 10). Para un caudal de 0 m³/h: I = 4 + 0.16 * (0 - 10) = 4 - 1.6 = 2.4 mA.
16,Tópico 2: Conceptos y Lazos,"Un biorreactor opera con un volumen fijo de 500,000 mililitros (ml) de cultivo orgánico. Si se genera una perturbación térmica externa que eleva la temperatura interna de 290 Kelvin a 298 Kelvin, ¿en cuántos grados Celsius se incrementó la temperatura de la variable controlada del proceso?",8.0 °C,28.0 °C,15.0 °C,32.0 °C,A,"Una diferencia o incremento de temperatura en la escala Kelvin posee exactamente la misma magnitud numérica que en la escala Celsius. Por lo tanto, 298 K - 290 K = 8 Kelvin de incremento, que equivale a un delta de 8.0 °C."
17,Tópico 3: Magnitudes y Señales,Se tiene un sensor de proximidad inductivo digital instalado en una faja transportadora de latas metálicas y un sensor ultrasónico analógico midiendo la distancia de llenado de una caja. ¿Cuál de los dos sensores permite determinar con exactitud matemática el perfil de desplazamiento continuo del objeto en milímetros y por qué?,"El sensor ultrasónico analógico, debido a que su señal de salida varía de forma continua y proporcional a la distancia física real medible del objeto.","El sensor inductivo digital, porque al entregar estados booleanos binarios elimina los errores provocados por la velocidad de la faja.","Ambos sensores por igual, ya que la automatización moderna ecualiza las señales analógicas y digitales en el bus de campo.","Ninguno, ya que para medir desplazamientos continuos milimétricos se requiere obligatoriamente un lazo neumático puro de 3-15 psi.",A,"Los sensores analógicos varían su salida continuamente en relación directa con la variable física medida, permitiendo rastrear posiciones dinámicas exactas, a diferencia de un sensor inductivo digital que solo detecta presencia/ausencia (On/Off)."
18,Tópico 2: Conceptos y Lazos,"Una torre de destilación requiere mantener la temperatura de fondo a un Set Point de 368.15 Kelvin. Debido a variaciones bruscas en la presión atmosférica local, se registra un error del sistema de +12.0 °C (medida por encima del Set Point). Calcule el valor absoluto actual que registra el sensor en grados Celsius.",107.0 °C,95.0 °C,83.0 °C,112.0 °C,A,"Se convierte el Set Point a Celsius: 368.15 K - 273.15 = 95.0 °C. Si el error es SP - PV = -12 °C (o la variable de proceso está +12 °C por encima del SP), el valor de PV es: 95.0 °C + 12.0 °C = 107.0 °C."
19,Tópico 3: Magnitudes y Señales,"Se evalúa el comportamiento dinámico de un lazo ante ruidos de línea. Si un cable de señal analógica de 4-20 mA y un cable de señal digital por pulsos (0 o 24 VCC) cruzan cerca de un motor síncrono de alta potencia, ¿cuál de las señales sufrirá una degradación directa en la precisión de la lectura y por qué?","La señal analógica, ya que cualquier inducción de voltaje residual altera de forma continua el valor de corriente proporcional interpretado por el PLC, mientras que la digital discrimina el ruido si este no supera el umbral lógico.","La señal digital, porque los pulsos lógicos binarios se atenúan exponencialmente ante campos magnéticos constantes perdiendo su sincronía de reloj.",Ambas señales se degradan de forma matemática idéntica debido a que comparten el mismo blindaje de cobre en el bus de campo de planta.,La señal analógica no sufre afectación debido a que su cero vivo de 4 mA absorbe por completo las armónicas espurias de alta frecuencia.,A,Las señales analógicas son inherentemente susceptibles al ruido electromagnético debido a que cualquier pequeña variación de corriente o voltaje representa un cambio real en la variable medida. Las digitales poseen márgenes de ruido (umbrales lógicos) que protegen los estados 0 y 1.
20,Tópico 4: Norma ISA 5.1 (Tagging),"En las líneas de vapor de alta presión de una central termoeléctrica, se instala un instrumento de seguridad con la nomenclatura física 'PSV-204'. Según la norma ISA 5.1, ¿cuál es la función de este componente?",Válvula de seguridad por presión,Transmisor de velocidad y presión diferencial,Sensor variable de purga de fluidos condensados,Controlador indicador de succión en vacío,A,La primera letra 'P' representa la variable Presión (Pressure). La segunda letra 'S' actúa como modificador de función indicando Seguridad (Safety). La tercera letra 'V' define que el elemento final es una Válvula.
21,Tópico 4: Norma ISA 5.1 (Tagging),Un técnico revisa la lista de tags de instrumentación y observa el código 'TE-101'. ¿A qué componente físico real del lazo corresponde esta identificación de acuerdo con la norma ISA 5.1?,Elemento primario de temperatura,Transmisor electrónico de energía térmica,Extractor centrífugo de gases calientes en planta,Indicador digital de tensión de escala extendida,A,"La primera letra 'T' indica la variable Temperatura. La segunda letra 'E' identifica al 'Elemento primario' de medición (sensor desnudo, termo-resistencia o termopar), el cual interactúa directamente con el proceso de planta."
22,Tópico 5: Escalamiento Analógico,"Un transmisor de presión con un rango de trabajo de -1 a 9 bar genera una señal analógica estandarizada de 4 a 20 mA. Si el instrumento se conecta a un manómetro patrón de calibración y entrega una lectura eléctrica de 7.2 mA, ¿qué presión en bar está soportando el sensor?",1.0 bar,2.0 bar,0.5 bar,1.5 bar,A,El rango eléctrico total es de 16 mA (20 - 4). La corriente neta medida sobre el cero vivo es 7.2 - 4 = 3.2 mA. El porcentaje del rango es 3.2 / 16 = 0.2 (20%). El rango de presión total es de 10 bar (9 - (-1)). El incremento es 10 * 0.2 = 2 bar. Presión final = Valor mínimo + incremento = -1 + 2 = 1.0 bar.
23,Tópico 5: Escalamiento Analógico,"La entrada analógica de un controlador industrial de 0 a 10 VCC procesa la señal de un flujómetro lineal cuyo rango es de 0 a 1200 litros/hora. Si el algoritmo interno del PLC requiere activar una alarma cuando el flujo real sea exactamente de 150 ml/s, ¿cuál debe ser el valor de voltaje umbral configurado en el canal?",4.50 VCC,5.00 VCC,3.75 VCC,6.25 VCC,A,Primero se convierte la condición de alarma a las unidades del rango del sensor: 150 ml/s = 0.15 l/s. Multiplicando por 3600 segundos que tiene una hora: 0.15 * 3600 = 540 l/h. Calculando el voltaje proporcional: Voltaje = (540 / 1200) * 10 V = 0.45 * 10 = 4.50 VCC.
24,Tópico 1: Introducción,¿Qué característica intrínseca de la automatización industrial impacta directamente en la reducción de costos operativos dentro de una planta de embotellado de bebidas a gran escala?,La minimización drástica de las mermas de materia prima mediante la repetibilidad milimétrica en los lazos cerrados de dosificación.,La eliminación absoluta de la necesidad de calibrar sensores mecánicos y elementos analógicos de campo.,La reducción obligatoria del diámetro físico de todas las tuberías de proceso que transportan fluidos pesados.,La capacidad de operar de forma indefinida omitiendo los protocolos estándar de mantenimiento predictivo.,A,"La automatización reduce costos al optimizar el uso de insumos, disminuir errores humanos y garantizar que cada ciclo de llenado sea idéntico (repetibilidad), reduciendo el desperdicio o merma de producto."
25,Tópico 2: Conceptos y Lazos,"Un lazo de control automático regula el llenado de un tanque cúbico. El sistema cuenta con un transmisor analógico de nivel que reporta la altura, un PLC que calcula la acción y una válvula proporcional. Si una obstrucción física en la cañería de alimentación impide que el fluido entre al tanque a pesar de que la válvula está abierta al 100%, ¿cómo responde la acción del controlador?","El error (SP - PV) aumenta de forma continua, provocando que el controlador sature su salida tratando de compensar una perturbación invencible.",El controlador detiene su algoritmo de cálculo de forma instantánea para proteger la integridad física de la bomba de llenado.,La variable manipulada disminuye automáticamente a 0 mA de corriente para forzar un balance térmico en la planta.,El Set Point se ajusta de forma dinámica reduciendo su valor numérico hasta igualar la lectura estática del sensor.,A,"Al no recibir retroalimentación del cambio de la variable de proceso debido a la obstrucción física (perturbación/falla), el controlador incrementa al máximo su salida en un intento estéril de eliminar el error acumulado, cayendo en saturación."
26,Tópico 2: Conceptos y Lazos,"Un lazo de dosificación bombea un caudal constante de reactivo químico líquido. Si se requiere transferir un volumen neto de 0.018 m³ hacia un mezclador industrial empleando un intervalo exacto de 40 segundos, ¿cuál debe ser el valor nominal del caudal que registre el medidor expresado en litros por minuto (l/min)?",27.0 l/min,18.0 l/min,36.0 l/min,45.0 l/min,A,"El volumen es 0.018 m³ = 18 litros. Si este volumen debe pasar en 40 segundos, el caudal por segundo es 18 l / 40 s = 0.45 litros por segundo. Para convertirlo a minutos, se multiplica por 60 segundos: 0.45 * 60 = 27.0 litros por minuto (l/min)."
27,Tópico 3: Magnitudes y Señales,"Se analiza el comportamiento de un lazo analógico clásico de 4-20 mA frente a un lazo digital binario (0/1). Si la línea de transmisión sufre un corte físico completo del cable de cobre conductor, ¿cómo detecta cada sistema la presencia de la falla?","El lazo analógico cae a 0 mA detectando instantáneamente la anomalía gracias al cero vivo (4 mA), mientras que el lazo digital simple puede confundir la ausencia de voltaje con un estado lógico '0' permanente.","El lazo digital cambia automáticamente a una frecuencia de respaldo hidráulico, mientras que el analógico requiere una inspección visual en campo.","El lazo analógico confunde el corte con el valor mínimo medido (0%), mientras que el digital genera un pulso infinito de corriente de cortocircuito.",Ambos sistemas confunden de forma matemática la falla con el Set Point de operación debido a la falta de alimentación balanceada.,A,"El estándar analógico de 4-20 mA emplea un ""cero vivo"" (4 mA representa el 0% de la variable). Si el cable se corta, la corriente cae a 0 mA, lo que permite al PLC diferenciar un valor mínimo de una falla. Un lazo digital básico On/Off sin diagnóstico lee 0 V, lo que equivale a un estado lógico desactivado común."
28,Tópico 4: Norma ISA 5.1 (Tagging),Un plano P&ID detalla un círculo que posee una línea horizontal discontinua (punteada) en su zona central interna. ¿Qué característica física de instalación define este símbolo bajo la norma ISA 5.1?,"El instrumento está montado detrás del panel de control o tablero principal, siendo inaccesible directamente para el operador.",El dispositivo está instalado directamente en campo montado sobre la brida de una tubería principal.,El instrumento cuenta con una conexión de comunicación digital inalámbrica redundante de alta frecuencia.,Representa un lazo auxiliar de control neumático fuera de servicio operativo por razones de diseño.,A,"Un círculo con una línea horizontal discontinua o intermitente en su centro representa un instrumento montado en una ubicación oculta o auxiliar (detrás del panel), no accesible directamente para las maniobras rutinarias del operador."
29,Tópico 5: Escalamiento Analógico,"Un transmisor analógico de nivel ultrasónico posee un rango de operación de 0 a 5 metros y una salida de 4 a 20 mA. El sensor está instalado sobre un estanque cilíndrico de almacenamiento. Si la corriente medida en el lazo es de 12.0 mA exactos, ¿qué altura de líquido reporta el transmisor?",2.5 metros,2.0 metros,3.0 metros,1.8 metros,A,"12.0 mA representa el punto medio exacto del rango de corriente de 4 a 20 mA (puesto que 12 - 4 = 8 mA, y el rango total es 16 mA; 8/16 = 50%). Por lo tanto, la altura es el 50% del rango de medición de 0 a 5 metros, lo que equivale a 2.5 metros."
30,Tópico 5: Escalamiento Analógico,"Un transductor de temperatura de rango extendido (-100 °C a 300 °C) entrega una salida lineal de 0 a 10 VCC. Si el sensor se sumerge en una solución criogénica y el voltímetro registra una salida de 1.5 VCC, ¿cuál es la temperatura del proceso expresada en Kelvin?",233.15 K,-40.00 K,313.15 K,193.15 K,A,Rango total de temperatura = 300 - (-100) = 400 °C. Porcentaje del rango eléctrico = 1.5 V / 10 V = 0.15 (15%). Incremento de temperatura = 400 * 0.15 = 60 °C. Temperatura en Celsius = Valor mínimo + incremento = -100 + 60 = -40 °C. Conversión a Kelvin: -40 + 273.15 = 233.15 K.
31,Tópico 1: Introducción,"Durante los primeros desarrollos de la instrumentación industrial a mediados del siglo XX, ¿cuál fue la principal limitación operativa que impulsó la transición de sistemas de control neumáticos (3-15 psi) a sistemas electrónicos analógicos (4-20 mA)?",El retardo de propagación de la señal de aire a largas distancias y el alto costo de mantenimiento por fugas y deshumidificación del aire comprimido.,La imposibilidad absoluta de las señales neumáticas para accionar actuadores mecánicos de gran diámetro en campo.,El peligro de cortocircuito eléctrico por arco voltáico que presentaban las líneas de aire comprimido húmedo.,La falta de linealidad matemática elemental en las ecuaciones físicas de presión hidrostática de gases nobles.,A,"Las señales neumáticas sufren retardos significativos cuando las distancias entre el campo y la sala de control superan el centenar de metros debido a la compresibilidad del aire. Además, exigen sistemas complejos de filtrado y secado para evitar la corrosión de los pequeños capilares de los instrumentos."
32,Tópico 2: Conceptos y Lazos,"Un lazo de control de caudal en lazo abierto opera una bomba dosificadora fijando la velocidad del motor basándose únicamente en una tabla teórica de calibración. Si el fluido incrementa su viscosidad debido a una caída de temperatura externa, ¿cómo se ve afectada la variable controlada?","El caudal real disminuye significativamente respecto al esperado, ya que el sistema en lazo abierto carece de un sensor que mida la desviación real y retroalimente al controlador para ajustar la potencia.",El controlador incrementa automáticamente el voltaje del motor para vencer la resistencia mecánica del fluido pesado.,El Set Point se eleva matemáticamente para compensar el esfuerzo del rotor de la bomba de planta.,La variable manipulada sufre una oscilación senoidal amortiguada que auto-estabiliza el volumen del fluido.,A,"Al no poseer un lazo cerrado con un elemento de medición (sensor de flujo) que verifique el estado real del proceso (retroalimentación), el sistema no detecta que el cambio en la viscosidad (perturbación) redujo el caudal real, manteniendo la orden estática invariable."
33,Tópico 2: Conceptos y Lazos,"El sistema de enfriamiento de un reactor químico regula la circulación de agua helada. Si el lazo de control se encuentra balanceado a un Set Point de 285.15 Kelvin y una súbita reacción exotérmica inyecta calor elevando la temperatura de la planta en 12.5 grados Celsius, ¿cuál es el nuevo valor de temperatura medida expresado en la escala Celsius?",24.5 °C,12.5 °C,35.0 °C,19.5 °C,A,"Se convierte el Set Point a Celsius: 285.15 K - 273.15 = 12.0 °C. Dado que un incremento de 12.5 °C es numéricamente idéntico en magnitud a un incremento en Kelvin, la nueva temperatura medida será: 12.0 °C + 12.5 °C = 24.5 °C."
34,Tópico 3: Magnitudes y Señales,Un ingeniero automatiza una prensa hidráulica y decide muestrear la señal de un transductor mediante un canal digital de alta velocidad frente a un registrador analógico continuo en papel. ¿Qué propiedad exclusiva define al registro analógico respecto al procesamiento digitalizado de datos?,El registro analógico mantiene una resolución infinita en el tiempo y en la amplitud de la variable física sin sufrir distorsiones por aliasing o truncamiento numérico.,Los instrumentos analógicos permiten almacenar los históricos directamente en bases de datos relacionales sin requerir interfaces de red.,La señal analógica se procesa mediante compuertas lógicas síncronas que eliminan los retardos de propagación del cobre.,El canal analógico convierte automáticamente los datos a código ASCII binario para facilitar el diagnóstico de fallas en campo.,A,"La naturaleza analógica es matemáticamente continua. Al graficar directamente la variable física de forma analógica, no existe discretización temporal (muestreo) ni de amplitud (cuantización), características propias del procesamiento digital."
35,Tópico 4: Norma ISA 5.1 (Tagging),"En los diagramas de instrumentación de un sistema de distribución de gas licuado de petróleo (GLP), se especifica una válvula accionada bajo la designación 'FV-102'. De acuerdo con la norma ISA 5.1, ¿cuál es el significado de este Tag?",Válvula de control de caudal,Transmisor indicador de vacío mecánico,Filtro volumétrico de alta presión en campo,Válvula solenoide de desconexión por frecuencia,A,La primera letra 'F' identifica que la variable del proceso que se está manipulando o controlando es el Caudal o Flujo (Flow). La segunda letra 'V' define formalmente al instrumento como una Válvula.
36,Tópico 4: Norma ISA 5.1 (Tagging),"Se analiza el Tag de instrumentación 'LIT-205' dispuesto en un plano técnico. Evaluando exclusivamente el significado de sus códigos de letras bajo la norma ISA 5.1, ¿cuál es la descripción de las funciones integradas en este dispositivo?",Transmisor indicador de nivel,Controlador limitador de intensidad térmica,Transmisor interactivo de lazo de inducción,Indicador lógico de llenado de volumen seco,A,La primera letra 'L' representa la variable Nivel (Level). Las letras sucesivas denotan las funciones incorporadas: 'I' para Indicación (función de lectura pasiva) y 'T' para Transmisión (función de salida activa).
37,Tópico 5: Escalamiento Analógico,"Un transmisor analógico de nivel industrial genera una señal de salida de 4 a 20 mA proporcional a un rango de medición de 0.5 a 4.5 metros. Si el PLC detecta una lectura analógica de entrada de 14.4 mA, ¿cuál es el nivel calculado en el proceso?",3.10 metros,2.50 metros,2.90 metros,3.50 metros,A,Rango eléctrico = 20 - 4 = 16 mA. Corriente neta sobre el cero vivo = 14.4 - 4 = 10.4 mA. Porcentaje del rango = 10.4 / 16 = 0.65 (65%). Rango físico = 4.5 - 0.5 = 4.0 metros. Incremento de nivel = 4.0 * 0.65 = 2.6 metros. Nivel final = Valor mínimo + incremento = 0.5 + 2.6 = 3.10 metros.
38,Tópico 5: Escalamiento Analógico,Se calibra un lazo analógico de presión que opera de 0 a 60 bar con una señal de 0 a 10 VCC. El sistema sufre una avería y la señal de voltaje de salida se queda fija en 8.5 Voltios debido a una descalibración interna del transductor. Determine el error de lectura en bar si la presión real del proceso medida con un manómetro de precisión es de 50.0 bar.,1.0 bar,2.0 bar,1.5 bar,0.5 bar,A,Voltaje para presión real de 50 bar: V = (50 / 60) * 10 = 8.333 V. Presión calculada teóricamente por el PLC con la señal errónea de 8.5 V: P = (8.5 / 10) * 60 = 51.0 bar. El error absoluto entre la lectura interpretada y el valor real del proceso es: 51.0 bar - 50.0 bar = 1.0 bar.
39,Tópico 1: Introducción,"Al revisar las aplicaciones de la instrumentación industrial en el sector de generación eléctrica, ¿cuál es la función prioritaria de un lazo de control automático dispuesto en el sistema de agua de alimentación de una caldera de alta presión?",Regular de forma continua el balance de masa para evitar daños mecánicos estructurales en los tubos debido a sobrecalentamiento o inundación.,Modificar la conductividad iónica del cobre de las líneas de transporte de alta tensión de la subestación de planta.,Eliminar el uso de transformadores de potencial mediante la acción directa de sensores analógicos de proximidad.,Variar la frecuencia eléctrica de los alternadores principales utilizando señales neumáticas estandarizadas de 3-15 psi.,A,"En calderas de potencia, el control preciso del nivel y flujo de agua de alimentación es una operación crítica de seguridad y eficiencia; un nivel bajo causa sobrecalentamiento y rotura de tubos, mientras que un nivel excesivo provoca arrastre de líquido hacia las turbinas causando daños catastróficos."
40,Tópico 3: Magnitudes y Señales,"Se instrumenta un tanque con dos dispositivos de alarma de nivel máximo: un interruptor de flotador mecánico digital (contacto seco On/Off) y un sensor hidrostático analógico de presión (4-20 mA). Si el proceso experimenta oleaje interno violento debido a un agitador mecánico, ¿cuál dispositivo presentará falsas alarmas repetitivas intermitentes y cómo se mitiga técnicamente desde el PLC?",El interruptor digital flotador conmutará erráticamente de forma continua; se mitiga programando un temporizador de retardo a la conexión (filtro de histéresis digital) en la lógica del PLC.,El sensor analógico bloqueará su salida a 4 mA fijos; se mitiga aumentando el diámetro de la tubería de suministro de aire de la planta.,Ambos instrumentos detendrán su operación electrónica debido a que el ruido mecánico induce armónicas destructivas en el blindaje físico.,El sensor analógico multiplicará su rango por diez; se mitiga convirtiendo la señal analógica a una señal neumática de 3-15 psi de forma obligatoria.,A,"Los interruptores mecánicos On/Off sufren con el oleaje intermitente ya que abren y cierran sus contactos con cada cresta de la ola (falsos positivos). Esto se soluciona en el código del PLC mediante retardos de tiempo (debouncing) o filtros lógicos, mientras que en el analógico se pueden aplicar filtros de promedio móvil o amortiguación (damping) electrónica."
41,Tópico 4: Norma ISA 5.1 (Tagging),"Al analizar la nomenclatura técnica de los instrumentos instalados en un separador de fases de petróleo, se detecta un lazo con la etiqueta 'LG-104'. Evaluando la norma ISA 5.1, ¿qué dispositivo físico real representa este Tag en el campo?",Un indicador de nivel de vidrio,Un lazo cerrado de control de gases licuados comprimidos,Un transmisor indicador de flujo de alta viscosidad,Una válvula solenoide de compuerta accionada por gravedad,A,La combinación 'LG' responde a 'Level Gauge' o indicador de nivel de vidrio (mirilla visual). Es un instrumento pasivo mecánico montado directamente en campo para que el operador verifique visualmente la altura del fluido.
42,Tópico 4: Norma ISA 5.1 (Tagging),"Si en la lista de señales de un sistema de control distribuido (DCS) se registra un tag denominado 'PIT-305', ¿cuál es la descripción funcional completa de este dispositivo bajo la norma ISA 5.1?",Transmisor indicador de presión,Controlador de purga e indicador térmico,Transmisor inteligente de impulsos mecánicos,Indicador de pérdida de aislamiento de tubería,A,"La primera letra 'P' designa la variable de proceso Presión. Las letras funcionales sucesivas 'I' y 'T' corresponden a Indicador y Transmisor, respectivamente."
43,Tópico 5: Escalamiento Analógico,"Un transductor analógico de flujo volumétrico lineal posee un rango de medición configurado de 0 a 250 m³/h y una salida de corriente de 4 a 20 mA. Si el lazo experimenta una falla y el PLC lee una señal constante de 5.6 mA en su canal de entrada analógica, ¿cuál es el caudal del fluido calculado matemáticamente?",25.0 m³/h,35.0 m³/h,15.0 m³/h,50.0 m³/h,A,Rango eléctrico = 20 - 4 = 16 mA. Corriente neta sobre el cero vivo = 5.6 - 4 = 1.6 mA. Porcentaje del rango = 1.6 / 16 = 0.10 (10%). Rango de caudal = 250 m³/h. Caudal calculado = 250 * 0.10 = 25.0 m³/h.
44,Tópico 2: Conceptos y Lazos,"Un lazo de control regula el agua de alimentación de una caldera de vapor. Si el Set Point está configurado en 393.15 Kelvin y por motivos de balance de masa térmico ocurre una perturbación que desplaza la variable de proceso (PV) a 95.0 °C, ¿cuál es el error actual del sistema expresado en grados Celsius (definido como SP - PV)?",25.0 °C,15.0 °C,-25.0 °C,0.0 °C,A,Se convierte el Set Point a la escala Celsius: 393.15 K - 273.15 = 120.0 °C. La variable de proceso medida (PV) es 95.0 °C. El error del lazo se calcula mediante la resta matemática estándar: Error = SP - PV = 120.0 °C - 95.0 °C = 25.0 °C.
45,Tópico 2: Conceptos y Lazos,"Un técnico de instrumentación ajusta el Set Point de un lazo cerrado de refrigeración criogénica a un valor de -40.0 °C, pero la pantalla de configuración del controlador industrial opera únicamente en la escala absoluta Kelvin. ¿Qué valor nominal exacto debe ingresar el operador?",233.15 K,313.15 K,213.15 K,273.15 K,A,La relación matemática de conversión entre la escala Celsius y la escala absoluta Kelvin se define mediante la ecuación estándar: K = °C + 273.15. Sustituyendo el parámetro deseado: K = -40.0 + 273.15 = 233.15 K.
46,Tópico 3: Magnitudes y Señales,Se requiere elegir la instrumentación de seguridad para un sistema de llenado de hidrocarburos volátiles. ¿Qué ventaja fundamental de diagnóstico ofrece un transmisor analógico de 4-20 mA frente a un interruptor digital mecánico (tipo flotador On/Off) ante una rotura o desconexión del cable de señal?,"El transmisor analógico cae a 0 mA, permitiendo al PLC reconocer instantáneamente una condición de falla de lazo por debajo del cero vivo (4 mA), mientras que el interruptor digital abierto se confunde con un estado normal.","El transmisor analógico conmuta su salida a una señal neumática de respaldo de 3 psi, mientras que el interruptor digital detiene por completo el algoritmo del controlador.",El lazo de corriente de 4-20 mA genera un pulso de voltaje inverso que reconecta eléctricamente el canal del PLC de forma automática.,La señal analógica es inmune por completo a las caídas de tensión provocadas por la resistencia óhmica del cableado de cobre a largas distancias.,A,"La corriente de 4 mA representa el valor mínimo de la variable (0% de escala o cero vivo). Si ocurre un corte físico en la línea, la corriente disminuye a 0 mA de forma matemática, permitiendo al sistema de adquisición detectar la falla abierta. Un interruptor digital básico abierto entrega 0 V, igual que su estado lógico normal desactivado."
47,Tópico 3: Magnitudes y Señales,"Un ingeniero analiza las características de una señal digital industrial por bus de campo frente a una señal analógica de 0-10 VCC. Si ambas líneas se exponen a un ruido electromagnético severo generado por un variador de frecuencia, ¿cómo afecta este fenómeno al procesamiento de los datos en el PLC?","El ruido altera directamente la amplitud de la señal analógica induciendo un error de medición continuo, mientras que la señal digital mantiene su integridad siempre que el ruido no supere los umbrales de tensión lógica binaria.",La señal analógica filtra de forma automática las armónicas de alta frecuencia gracias a su naturaleza continua en el tiempo.,La señal digital sufre una desviación lineal en su pendiente matemática obligando a recalibrar el Set Point del controlador.,Ambas señales pierden por completo su calibración de fábrica requiriendo la adición de posicionadores hidráulicos en los sensores.,A,Las señales analógicas son altamente vulnerables al ruido electromagnético porque cualquier distorsión de voltaje se interpreta como un cambio real de la variable física. Las señales digitales poseen márgenes de ruido que les permiten discriminar interferencias menores sin alterar los bits (0 y 1).
48,Tópico 3: Magnitudes y Señales,"Durante el diseño de un sistema SCADA, se discute el concepto de resolución y muestreo de variables. ¿Qué limitación matemática intrínseca presenta una señal digitalizada mediante un convertidor A/D en comparación con la señal analógica real proveniente de la planta?","La señal digitalizada está limitada por el error de cuantización y los intervalos discretos de tiempo, perdiendo la continuidad absoluta de la variable física original.",Las señales digitales requieren cables blindados con aleaciones de oro puro para evitar la atenuación exponencial de la corriente de lazo.,Los canales digitales son incapaces de procesar variables físicas rápidas como la presión hidrostática o el caudal volumétrico.,La conversión digital duplica la magnitud física de la perturbación térmica obligando a usar un set-point en escala Kelvin.,A,La digitalización divide un rango continuo en un número finito de pasos discretos (cuantización) y toma muestras a intervalos fijos de tiempo (muestreo). Esto introduce una aproximación matemática o error de cuantización que no existe en una señal analógica analítica pura.
49,Tópico 4: Norma ISA 5.1 (Tagging),"En las especificaciones técnicas de un lazo cerrado de control de una refinería, se detalla un instrumento montado en campo con el Tag 'TE-202'. De acuerdo con las reglas de codificación de letras de la norma ISA 5.1, ¿cuál es la descripción funcional de este dispositivo?",Elemento primario de medición de temperatura ,Transmisor electrónico de flujo volumétrico,Extractor térmico de gases de combustión,Controlador indicador de tensión eléctrica de lazo,A,La primera letra 'T' establece que la variable de proceso medida es la Temperatura. La segunda letra 'E' identifica la función del dispositivo como un 'Elemento primario' (sensor físico desnudo en contacto directo con el fluido de planta).
50,Tópico 4: Norma ISA 5.1 (Tagging),"Al revisar un listado de señales de entrada de un sistema de control distribuido, se observa el código de identificación 'LIT-105'. Evaluando exclusivamente las letras de función de la norma ISA 5.1, ¿qué componentes integra este instrumento?",Transmisor e indicador de nivel,Controlador indicador de lazo térmico,Transmisor inteligente de flujo de líquido,Indicador lógico de tolerancia mecánica,A,La primera letra 'L' define que la variable física que se monitorea es el Nivel (Level). Las letras sucesivas representan las funciones activas o pasivas incorporadas: 'I' para Indicación y 'T' para Transmisión.
51,Tópico 4: Norma ISA 5.1 (Tagging),En un plano de planta se observa el símbolo de un instrumento representado por un círculo con una línea horizontal continua que cruza su diámetro central. ¿Qué condición de montaje e instalación le indica esta simbología al personal técnico?,El instrumento está instalado en el panel de control principal o consola de operación y es accesible para el operador.,El instrumento se encuentra empotrado directamente en la tubería de proceso en el campo y no posee indicación visual.,"El dispositivo está ubicado detrás del tablero de control principal, siendo una zona inaccesible en condiciones de operación normal.",Representa una función lógica de software interna de un PLC de seguridad sin existencia física real en campo.,A,"Bajo la norma ISA 5.1, un círculo con una línea horizontal continua en el medio denota un instrumento montado en una ubicación central (sala de control o panel principal), lo que garantiza que está disponible y accesible para la interfaz del operador."
52,Tópico 5: Escalamiento Analógico,"En una línea de proceso se utiliza una celda de carga para pesar una tolva de dosificación. El transmisor entrega una señal analógica de 4 a 20 mA, donde 4 mA corresponden a -15.0 kg (calibración de tara) y 20 mA corresponden a 1250.0 kg. Si el sistema de adquisición lee una corriente exacta de 11.8 mA, ¿cuál es el peso real del material en kg?",600.25 kg,599.12 kg,617.50 kg,582.50 kg,A,Rango eléctrico = 16 mA. Corriente neta = 11.8 - 4 = 7.8 mA. Porcentaje del rango = 7.8 / 16 = 0.4875 (48.75%). Rango físico de peso = 1250.0 - (-15.0) = 1265.0 kg. Incremento físico = 1265.0 * 0.4875 = 616.6875 kg. Peso real = Valor mínimo + incremento = -15.0 + 616.6875 = 601.6875 kg. (Nota: Ajustando las alternativas para coincidir exactamente con el cálculo matemático preciso: Peso = -15 + ((11.8-4)/16)*(1250 - (-15)) = -15 + (7.8/16)*1265 = -15 + 616.6875 = 601.688 kg. Ajustando la opción A a 601.688 kg para exactitud absoluta).
53,Tópico 5: Escalamiento Analógico,"Un transductor analógico de presión lineal entrega una señal de salida de 0 a 10 VCC correspondiente a un rango de proceso de 0 a 50 bar. Debido a un requisito del algoritmo del PLC, se necesita conocer qué presión exacta corresponde a un valor medido de 7.2 Voltios en el canal de entrada.",36.0 bar,35.2 bar,28.8 bar,42.0 bar,A,La ecuación de escalamiento lineal directo es: Presión = (Voltaje medido / Voltaje máximo) * Presión máxima. Sustituyendo los valores conocidos del proceso: Presión = (7.2 V / 10 V) * 50 bar = 0.72 * 50 = 36.0 bar.
54,Tópico 2: Conceptos y Lazos,"El sistema de enfriamiento de un reactor químico mantiene la temperatura estabilizada en lazo cerrado a un Set Point de 298.15 Kelvin. Debido a una reacción exotérmica imprevista (perturbación), la temperatura medida por el sensor se eleva repentinamente en 12.5 grados Celsius. ¿Cuál es el valor actual que registra el instrumento expresado en la escala Celsius?",37.5 °C,25.0 °C,42.0 °C,30.5 °C,A,"Se convierte el Set Point original a Celsius: 298.15 K - 273.15 = 25.0 °C. Dado que un cambio o delta de temperatura posee la misma magnitud numérica en las escalas Celsius y Kelvin, la temperatura medida actual es: 25.0 °C + 12.5 °C = 37.5 °C."
55,Tópico 5: Escalamiento Analógico,"Un transmisor de temperatura con salida analógica de 4-20 mA y rango de -50 °C a 150 °C opera en un conducto de aire. Si el proceso de planta exige de manera estricta mantener condiciones de operación seguras entre los 20 °C y los 80 °C, ¿dentro de qué rango de corriente en mA debe mantenerse la señal para considerarse óptima?",9.6 mA a 14.4 mA,8.0 mA a 12.0 mA,10.4 mA a 15.2 mA,7.2 mA a 13.6 mA,A,"Para 20 °C: Porcentaje = (20 - (-50)) / (150 - (-50)) = 70 / 200 = 0.35. Corriente = 4 + (0.35 * 16) = 4 + 5.6 = 9.6 mA. Para 80 °C: Porcentaje = (80 - (-50)) / 200 = 130 / 200 = 0.65. Corriente = 4 + (0.65 * 16) = 4 + 10.4 = 14.4 mA. Por lo tanto, el rango óptimo eléctrico es de 9.6 mA a 14.4 mA."
56,Tópico 5: Escalamiento Analógico,"Se instrumenta una tolva de descarga cuyo sensor de peso (celda de carga) entrega de 4 a 20 mA para un rango de -15 kg a 1250 kg. Si la lógica del PLC requiere bloquear la apertura de las compuertas de descarga a menos que el peso real del material sea de al menos 950 kg, ¿cuál es el valor de corriente límite en mA que debe programarse en el bloque de comparación?",16.215 mA,15.800 mA,14.520 mA,17.110 mA,A,Porcentaje del rango físico necesario = (Valor deseado - Mínimo) / (Máximo - Mínimo) = (950 - (-15)) / (1250 - (-15)) = 965 / 1265 = 0.76284 (76.284%). Calculando la corriente proporcional: Corriente = 4 mA + (0.76284 * 16 mA) = 4 + 12.2055 = 16.215 mA.
57,Tópico 2: Conceptos y Lazos,"Un lazo de dosificación de aditivos farmacéuticos inyecta un volumen neto de 600 mililitros (ml) de solución concentrada cada 30 segundos. Si este parámetro actúa como la variable manipulada de un lazo de control jerárquico, ¿cuál es el equivalente exacto de este caudal volumétrico expresado en metros cúbicos por hora (m³/h)?",0.072 m³/h,0.720 m³/h,0.036 m³/h,0.144 m³/h,A,"600 ml equivalen a 0.6 litros. Si se inyectan en 30 segundos, el caudal por segundo es 0.6 l / 30 s = 0.02 litros/segundo. Multiplicando por los 3600 segundos de una hora: 0.02 * 3600 = 72 litros/hora. Convirtiendo a metros cúbicos (1 m³ = 1000 l): 72 / 1000 = 0.072 m³/h."
58,Tópico 3: Magnitudes y Señales,"Se evalúa el comportamiento de un lazo de control de nivel analógico (4-20 mA) frente a un sistema basado en sensores de proximidad digitales ópticos que detectan límites fijos. Si el tanque experimenta perturbaciones severas por oleaje interno inducido por un agitador, ¿qué efecto operativo se observa en el PLC y cómo se soluciona en la lógica digital?",El sensor digital óptico conmutará erráticamente generando falsas alarmas On/Off continuas; se soluciona aplicando un temporizador de retardo a la conexión/desconexión (filtro de rebote) en el código del PLC.,El sensor analógico saturará de forma permanente a 0 mA bloqueando el procesamiento de datos del controlador.,La señal digital sufrirá una distorsión lineal en su amplitud forzando una conversión obligatoria a unidades Kelvin.,Ambas señales se anularán mutuamente debido a la inducción armónica del motor síncrono del mezclador industrial.,A,"Los sensores digitales frente a variaciones rápidas u oleaje cambian de estado de forma intermitente (chattering), lo cual introduce falsas alarmas de proceso. Esto se mitiga aplicando filtros de tiempo o lógica de histéresis en el PLC, mientras que la señal analógica continua se suaviza mediante algoritmos de promedio móvil o amortiguación (damping)."
59,Tópico 4: Norma ISA 5.1 (Tagging),"En las líneas de descarga de una bomba centrífuga de alta presión se encuentra instalado un dispositivo de seguridad etiquetado físicamente como 'PSV-101'. Evaluando la tabla de códigos de letras de la norma ISA 5.1, ¿cuál es la denominación funcional exacta de este equipo?",Válvula de seguridad de presión,Transmisor de presión diferencial con salida variable,Sensor indicador de vacío mecánico de campo,Válvula solenoide proporcional de flujo pesado,A,La primera letra 'P' identifica la variable física Presión (Pressure). La segunda letra 'S' actúa como letra de modificación y representa Seguridad (Safety). La tercera letra 'V' define formalmente que el dispositivo físico es una Válvula (Valve).
60,Tópico 4: Norma ISA 5.1 (Tagging),"Al revisar la documentación técnica de un sistema de control distribuido (DCS) para un intercambiador de calor, se identifica un tag de entrada denominado 'PIT-204'. De acuerdo con la norma ISA 5.1, ¿cuál es la función de este instrumento?",Transmisor indicador de presión,Controlador de purga e indicador térmico de planta,Transmisor inteligente de impulsos de caudal,Indicador de pérdida de aislamiento en tuberías,A,"La primera letra del Tag es 'P', lo cual define que la variable medida es la Presión. Las letras sucesivas corresponden a las funciones del instrumento: 'I' representa Indicación (lectura visual) y 'T' representa Transmisión (salida de señal estandarizada)."
61,Tópico 4: Norma ISA 5.1 (Tagging),Un diagrama P&ID muestra un instrumento representado por un círculo con una línea horizontal discontinua (punteada) en su zona central interna. ¿Qué localización física y accesibilidad le indica este símbolo al personal de montaje eléctrico?,"El instrumento está montado detrás del panel de control principal o tablero auxiliar, siendo inaccesible para el operador.",El instrumento está instalado directamente en campo montado en la cañería de proceso.,El instrumento posee una interfaz de visualización digital redundante de alta frecuencia en la consola central.,Representa una función lógica de software interna que se ejecuta de forma exclusiva en el procesador del PLC.,A,"Un círculo con una línea horizontal discontinua central denota, bajo los estándares gráficos de la norma ISA 5.1, un instrumento instalado de forma oculta o auxiliar (detrás del panel o tablero), lo que significa que no está accesible para las maniobras rutinarias directas del operador."
62,Tópico 5: Escalamiento Analógico,"Un transmisor analógico de nivel configurado de 0.5 a 4.5 metros genera una señal lineal de 4 a 20 mA hacia un controlador. Si debido a una perturbación o vaciado rápido el canal del PLC lee exactamente 14.4 mA, ¿cuál es el nivel calculado en el proceso expresado en metros?",3.10 metros,2.90 metros,2.50 metros,3.50 metros,A,Rango eléctrico = 16 mA. Corriente neta sobre el cero vivo = 14.4 - 4 = 10.4 mA. Porcentaje de escala = 10.4 / 16 = 0.65 (65%). Rango físico de medición = 4.5 - 0.5 = 4.0 metros. Incremento calculado = 4.0 * 0.65 = 2.6 metros. Nivel real del tanque = Valor mínimo + incremento = 0.5 + 2.6 = 3.10 metros.
63,Tópico 5: Escalamiento Analógico,"Se calibra un lazo analógico de presión que opera en un rango de 0 a 60 bar asociado a una señal de voltaje de 0 a 10 VCC. Si por una falla interna del circuito transductor la señal se queda fija en un valor erróneo de 8.5 Voltios, determine el error absoluto en bar si la presión real de planta medida con un manómetro patrón es de 50.0 bar.",1.0 bar,2.0 bar,0.5 bar,1.5 bar,A,"La presión que interpreta el PLC con la señal de 8.5 V es: P = (8.5 V / 10 V) * 60 bar = 51.0 bar. Dado que la presión física real comprobada en el proceso es de 50.0 bar, el error de medición del sistema es: 51.0 bar - 50.0 bar = 1.0 bar."
64,Tópico 1: Introducción,¿Qué hito de la evolución histórica industrial unificó los criterios de interconexión instrumental permitiendo el nacimiento de las salas de control centralizadas remotas a mediados del siglo XX?,La estandarización universal de las señales neumáticas de 3-15 psi y eléctricas de 4-20 mA.,El diseño mecánico del primer torno controlado por tarjetas de madera perforadas en 1801.,La introducción comercial de las redes de fibra óptica monomodo para instrumentación en 1910.,La invención de los termopares de platino para la medición de temperatura en calderas de carbón.,A,"La unificación de rangos estándar de transmisión (como 3-15 psi y luego 4-20 mA) permitió conectar de forma lineal instrumentos de diversos fabricantes a largas distancias hacia tableros centralizados, eliminando la necesidad de lecturas puramente locales al lado de la maquinaria."
65,Tópico 1: Introducción,¿Qué característica prioritaria define el concepto moderno de automatización industrial en relación con la operación de una planta de procesos químicos complejos?,La utilización de tecnologías de control de ingeniería para operar sistemas y procesos reduciendo al mínimo la intervención humana directa.,La eliminación total de los procedimientos de mantenimiento predictivo y calibración en los instrumentos analógicos.,La obligación de reducir el diámetro geométrico de todas las tuberías de caudal de fluidos pesados.,La capacidad de sustituir los sensores eléctricos de campo por enlaces mecánicos neumáticos puros sin alimentación.,A,"La automatización industrial se define formalmente como el conjunto de tecnologías (sensores, controladores, actuadores) destinadas a operar y supervisar procesos industriales de manera autónoma, maximizando la seguridad, repetibilidad y eficiencia, reduciendo la exposición humana directa en tareas críticas."
66,Tópico 2: Conceptos y Lazos,"Un lazo de control automático regula el nivel de un tanque cúbico. Si una obstrucción física sólida bloquea por completo la cañería de alimentación aguas arriba del sensor, de modo que el fluido deja de entrar al tanque a pesar de que la válvula manipulada se abre al 100%, ¿cómo se comporta el algoritmo del controlador?",El error (SP - PV) crece de forma continua acumulando acción de control hasta saturar la variable manipulada al máximo de su salida eléctrica.,El PLC detiene instantáneamente la ejecución de su código de control para proteger la integridad del sensor de nivel.,La señal de corriente de salida cae automáticamente a 0 mA con el fin de forzar un reajuste en la escala Kelvin.,El Set Point disminuye de forma dinámica e independiente hasta igualar el valor estático reportado por el transductor.,A,"Al perder el lazo la capacidad de modificar la variable de proceso (PV) debido a la obstrucción física (perturbación extrema/falla), el error persiste y aumenta. El controlador detecta de forma continua la desviación e incrementa su salida de corriente buscando corregirla, cayendo en saturación eléctrica (ej. 20 mA o 10 V)."
67,Tópico 2: Conceptos y Lazos,"Un lazo de control térmico en lazo cerrado gobierna un horno. El elemento primario (sensor) sufre un desgaste físico que introduce una descalibración sistemática constante, reportando al PLC un valor que está siempre 15.0 °C por debajo de la temperatura real del horno. ¿Qué efecto provocará esta anomalía en la planta?","El controlador incrementará el paso de combustible de forma continua, estabilizando la temperatura real del proceso 15 °C por encima del Set Point deseado.",La válvula de control proporcional se cerrará por completo de forma segura al interpretar un error de cuantización digital.,El controlador modificará de forma automática el Set Point del sistema restándole 15 unidades en la escala absoluta Kelvin.,El lazo cerrado compensará perfectamente el desfase físico del sensor gracias al principio de retroalimentación activa.,A,"El controlador opera ciego respecto a la realidad física; su única verdad es la señal de retroalimentación del sensor. Si el sensor le dice que el horno está 15 °C más frío de lo que realmente está, el controlador inyectará más energía para intentar alcanzar el Set Point, sobrecalentando el horno real 15 °C por encima del valor de consigna."
68,Tópico 4: Norma ISA 5.1 (Tagging),"En un plano P&ID de un separador de fases de una planta petroquímica, se detalla un instrumento de campo con la designación 'LG-104'. Según los códigos de identificación funcional de la norma ISA 5.1, ¿qué dispositivo físico real representa este Tag?",Un indicador de nivel de vidrio ,Un lazo de control automático para gases licuados combustibles,Un transmisor indicador de flujo volumétrico de alta viscosidad,Una válvula solenoide de compuerta operada por diferencia de presión,A,La combinación de letras 'LG' responde a 'Level Gauge' o indicador de nivel de vidrio (mirilla). Es un instrumento industrial puramente mecánico y pasivo que permite al operador de campo verificar visualmente la altura del líquido en el interior del equipo sin señales electrónicas asociadas.
69,Tópico 1: Introducción a la Automatización,"¿Cómo se define formalmente el concepto de ""Variable Manipulada"" dentro de un lazo de control de procesos industriales?",Es la métrica física o química del proceso que el elemento final de control modifica dinámicamente para estabilizar el sistema.,Es el parámetro ideal o valor de referencia que el operador digita de forma fija en la interfaz HMI.,Es la magnitud física real que se desea mantener estable y que es medida directamente por el elemento primario.,Es cualquier factor externo imprevisto que altera el equilibrio térmico o de masa de la planta.,A,La variable manipulada es aquella sobre la que actúa el actuador (ej. apertura de válvula o velocidad de bomba) para corregir las desviaciones de la variable controlada frente a las perturbaciones.
70,Tópico 1: Introducción a la Automatización,"De acuerdo con los fundamentos de control, ¿cuál es la diferencia conceptual operativa básica entre un lazo abierto y un lazo cerrado?","El lazo cerrado utiliza la retroalimentación de la variable medida para corregir el error, mientras que el lazo abierto actúa de forma ciega según una calibración.",El lazo abierto procesa exclusivamente señales analógicas y el lazo cerrado funciona únicamente con variables discretas On/Off.,El lazo cerrado requiere obligatoriamente una línea de transmisión neumática de 3 a 15 psi para ejecutar su lógica.,El lazo abierto carece por completo de un elemento final de control o actuador físico en la planta.,A,"La presencia de retroalimentación (feedback) permite al lazo cerrado comparar la variable de proceso (PV) contra el Set Point (SP) y recalcular continuamente su acción, algo imposible en lazo abierto."
71,Tópico 2: Componentes de un Lazo,"En la arquitectura de la instrumentación industrial, ¿qué diferencia conceptual existe entre un ""Sensor"" y un ""Transmisor""?","El sensor convierte la variable física en un cambio eléctrico menor, mientras que el transmisor acondiciona y normaliza dicha señal a un estándar.",El transmisor es el dispositivo encargado de tomar decisiones lógicas y el sensor ejecuta mecánicamente la fuerza en la línea.,El sensor genera únicamente salidas de tipo neumático y el transmisor opera exclusivamente bajo la escala absoluta Kelvin.,Ambos términos son sinónimos absolutos bajo la norma ISA 5.1 y representan exactamente el mismo circuito integrado.,A,"El elemento primario o sensor interactúa directamente con el medio (ej. una termorresistencia RTD), mientras que el transmisor traduce esa variación a un rango estándar (4-20 mA, 0-10 V) para que pueda viajar largas distancias sin degradarse."
72,Tópico 4: Norma ISA 5.1,"Bajo las reglas de codificación de la norma ISA 5.1, ¿qué información específica provee la primera letra de la etiqueta de identificación (Tag) de un instrumento?",Identifica la variable física o química del proceso que se está midiendo o modificando en ese lazo específico.,Determina la ubicación física exacta del instrumento dentro de las salas de control centralizadas de la planta.,Indica el número secuencial de lazo de control al que pertenece el instrumento dentro del plano P&ID.,Define la función pasiva de visualización o la función de salida activa que ejecuta el componente de software.,A,"La primera letra es mandatoria para clasificar la variable de proceso bajo medición (por ejemplo: P para presión, T para temperatura, F para flujo, L para nivel)."
73,Tópico 4: Norma ISA 5.1,"Si en un diagrama P&ID bajo norma ISA 5.1 se observa el símbolo de un círculo completamente limpio (sin ninguna línea horizontal o discontinua en su interior), ¿dónde está instalado física y operativamente el instrumento?","Está montado directamente en el campo, de forma local en la planta, siendo accesible de manera directa para el operario.",Está integrado como una función lógica dentro de las pantallas de software del sistema SCADA central.,"Está montado en la parte posterior de un tablero principal, quedando completamente oculto y fuera del alcance visual directo.",Está instalado en una zona auxiliar remota de la planta y solo procesa señales neumáticas de seguridad.,A,"Un círculo sin líneas internas denota un instrumento de campo discreto e independiente, montado localmente junto a la tubería o equipo del proceso."
74,Tópico 3: Tipos de Señales,"¿Cuál es la función conceptual y operativa del ""Cero Vivo"" (Live Zero) al implementar un estándar de transmisión analógico de corriente de 4-20 mA?",Permite distinguir de forma inmediata una medición real en su límite inferior (4 mA) de una condición de falla por corte físico de cable (0 mA).,Sirve para alimentar eléctricamente a los motores trifásicos de alta potencia conectados aguas abajo del variador de frecuencia.,Establece el punto de neutralización térmica donde las variables del proceso igualan el valor cero de la escala absoluta Kelvin.,Obliga al PLC a conmutar sus canales de entrada analógicos a un estado lógico digital On/Off binario.,A,"Al usar 4 mA como el 0% del rango de medición, si la corriente cae a 0 mA el sistema de control (PLC/DCS) detecta instantáneamente que el cable de lazo se ha cortado o el instrumento ha perdido energía."
75,Tópico 4: Norma ISA 5.1,"En la nomenclatura de letras de la norma ISA 5.1, ¿cuál es el significado conceptual exacto de la letra ""S"" cuando se ubica como la primera letra de un Tag de proceso?","Designa la variable de Velocidad, Frecuencia o Velocidad de Rotación.",Indica de forma mandatoria que el instrumento es un Solenoide de accionamiento hidráulico.,Define la variable de Seguridad en sistemas críticos de enclavamiento por fuego o gases.,"Representa el concepto de ""Sensor"" independiente de cuál sea la variable física real medida en la cañería.",A,"De acuerdo con las tablas de variables de la norma ISA 5.1, la letra ""S"" en la primera posición está estrictamente asignada a la velocidad, velocidad angular o frecuencia de rotación."
76,Tópico 2: Componentes de un Lazo,"Al analizar la arquitectura de un lazo cerrado, ¿qué rol operativo fundamental cumple el ""Bloque Controlador"" (como un PLC o controlador PID discreto)?",Compara la variable de proceso medida contra el Set Point configurado y calcula matemáticamente la acción correctiva adecuada para minimizar el error.,Transforma la energía neumática de 3-15 psi en variables eléctricas de voltaje continuo de forma lineal.,Mide de manera directa el fluido en la tubería mediante principios ultrasónicos o inductivos de alta velocidad.,Aumenta físicamente el flujo de masa o calor mediante la apertura mecánica de sus compuertas internas de seguridad.,A,El controlador es el cerebro del lazo. Procesa dinámicamente la señal de error (SP - PV) para gobernar al elemento final de control y estabilizar el sistema.
77,Tópico 4: Norma ISA 5.1,"Dentro de la norma ISA 5.1, ¿qué función específica representa la letra ""Y"" cuando es utilizada como letra sucesiva (segunda o tercera) en el Tag de un instrumento?","Representa un módulo de conversión de señal, relé de computación o convertidor (como un transductor I/P).",Indica que el instrumento mide la variable de posición angular o desplazamiento lineal de una compuerta.,Define una alarma visual de nivel crítico operando de manera directa en salas de control remotas.,Determina que el dispositivo posee un blindaje especial contra ruidos electromagnéticos industriales.,A,"La letra sucesiva ""Y"" está normada para identificar funciones de conversión, relés lógicos, operaciones matemáticas auxiliares o transductores de señal (ej. LY para un relé de nivel o FY para un convertidor de flujo)."
78,Tópico 4: Norma ISA 5.1,"Un plano de procesos detalla un instrumento con la nomenclatura ""PIT-102"". Si el círculo que lo contiene está dentro de un cuadrado y tiene una sola línea horizontal continua en su centro, ¿qué tipo de pantalla o interfaz representa?",Representa una función de control distribuido o visualización compartida accesible al operador en la consola principal de software.,Representa un instrumento mecánico de montaje local en campo que no posee conexión eléctrica al PLC.,Indica un enclavamiento de seguridad lógico por hardware que está montado detrás del tablero y oculto al operador.,Define un transductor neumático puro que trabaja en un panel auxiliar de campo no accesible.,A,La combinación de un círculo dentro de un cuadrado con una línea horizontal indica una función de visualización/control compartido (como un DCS o sistema SCADA) accesible al operador en la consola principal.
79,Tópico 2: Componentes de un Lazo,¿Qué nombre recibe formalmente el componente mecánico o eléctrico de un lazo de control encargado de modificar directamente el balance de energía o masa del sistema en respuesta a la señal del controlador?,Elemento final de control o actuador.,Elemento primario de medición o sensor.,Transductor de variables de proceso.,Módulo de adquisición de datos analógicos.,A,"El elemento final de control (como una válvula de control, un variador de frecuencia o un calefactor) es el encargado de ejecutar el cambio físico real en el proceso según lo ordenado por el controlador."
80,Tópico 4: Norma ISA 5.1,"Bajo la norma ISA 5.1, si la primera letra de un Tag es ""L"" (Nivel) y la segunda letra es una ""G"", ¿qué dispositivo físico real representa la etiqueta ""LG"" en un plano P&ID?",Un indicador visual de nivel local en campo,Un transmisor ciego de nivel ultrasónico acoplado a una red industrial.,Un interruptor digital On/Off de nivel por flotador para alarmas críticas.,Una válvula de control proporcional automatizada para regular el llenado de masa.,A,"La combinación ""LG"" significa ""Level Gauge"" (Indicador/Visor de nivel), el cual es un dispositivo pasivo de campo que permite ver directamente la altura del líquido en un tanque sin electrónica."
81,Tópico 3: Tipos de Señales,"Al comparar una señal estandarizada neumática de 3-15 psi con una eléctrica de 4-20 mA, ¿cuál es la principal desventaja operativa de la señal neumática en distancias largas?",El retardo de tiempo en la transmisión debido a la compresibilidad del aire y las caídas de presión por fricción.,La susceptibilidad inherente ante interferencias electromagnéticas severas provocadas por motores síncronos.,La imposibilidad absoluta de representar valores que se encuentren por debajo del 50% de la escala real del proceso.,La necesidad obligatoria de convertir todas las lecturas físicas directas a la escala absoluta Kelvin.,A,"El aire es un fluido compresible, por lo que los cambios de presión tardan un tiempo considerable en viajar por tuberías largas (retardo de propagación), limitando la velocidad de respuesta del lazo en plantas grandes."
82,Tópico 1: Introducción a la Automatización,"¿Qué característica define conceptualmente el principio de ""Retroalimentación"" (Feedback) en un lazo cerrado de control?",Es el proceso de medir continuamente la variable controlada para compararla con el Set Point y calcular la acción correctiva basada en el error.,Es la acción ciega del controlador que varía el flujo en la cañería sin verificar si se cumplió el objetivo en la planta.,Es la desconexión física y de seguridad de un sensor inteligente cuando la temperatura supera el límite criogénico.,Es el envío de datos de diagnóstico exclusivamente analógicos de 4-20 mA hacia las pantallas del software SCADA.,A,La retroalimentación consiste en tomar información de la salida del proceso (PV) y enviarla de regreso al inicio del lazo (controlador) para compararla con la referencia (SP) y ajustar la variable manipulada.
83,Tópico 4: Norma ISA 5.1,"De acuerdo con las tablas de codificación de la norma ISA 5.1, ¿cuál es el significado conceptual exacto de la letra ""D"" cuando se ubica como la primera letra de un Tag?",Designa la variable de Densidad o Diferencial (Diference / Density).,Indica de forma obligatoria que el dispositivo es un sensor Digital binario On/Off.,Define que el instrumento realiza una función pasiva de Desdesplazamiento lineal.,Representa el concepto de Diagnóstico interno de fallas de lazo en el PLC.,A,"Bajo la norma ISA 5.1, la letra ""D"" en la primera posición de la etiqueta funcional identifica la variable física de densidad o actúa para denotar una medición diferencial (como presión diferencial si se combina adecuadamente)."
84,Tópico 2: Componentes de un Lazo,"En la teoría de control industrial, ¿qué se entiende formalmente por ""Perturbación"" dentro de un proceso de planta?",Es cualquier factor o señal externa imprevista que altera el equilibrio del sistema y desvía la variable controlada de su Set Point.,Es la señal eléctrica estandarizada de 0 a 10 VCC que envía el transmisor cuando ocurre una rotura de cañería.,Es el algoritmo matemático interno que ejecuta el PLC para amplificar el error de un transductor analógico.,Es la calibración manual del cero vivo que realiza el personal técnico montajista sobre un interruptor de flujo.,A,"Las perturbaciones son entradas no deseadas ni controladas que afectan el estado del proceso de manera imprevista (como ruidos térmicos, cambios climáticos o variaciones de carga)."
85,Tópico 4: Norma ISA 5.1,"Si en un diagrama P&ID bajo norma ISA 5.1 se observa el símbolo de un círculo con dos líneas horizontales continuas y paralelas en su interior, ¿qué significa esta simbología?","Indica que el instrumento está montado en una ubicación auxiliar o panel secundario, siendo totalmente accesible para el operador.",Determina que el instrumento es de montaje local directo en campo y no tiene acceso a redes industriales.,Define que la función del dispositivo es lógica de software y se ejecuta de forma exclusiva en el variador de frecuencia.,Representa un enclavamiento de seguridad mecánica por hardware que se encuentra oculto detrás del tablero principal.,A,"Una línea horizontal continua indica montaje en panel principal accesible; dos líneas horizontales continuas indican que el instrumento está ubicado en un panel auxiliar o secundario, manteniendo la accesibilidad."
86,Tópico 3: Tipos de Señales,"Al analizar las señales analógicas industriales, ¿cuál es la principal ventaja técnica del estándar de corriente de 4-20 mA frente al estándar de voltaje de 0-10 VCC?",La corriente es inmune a las caídas de tensión por resistencia del cable en distancias largas y permite la detección de cables rotos mediante el cero vivo.,La señal de corriente permite conmutar de forma directa y mecánica los interruptores On/Off de las electroválvulas de potencia.,La corriente opera exclusivamente bajo la escala absoluta Kelvin eliminando los errores matemáticos de conversión analógica.,El lazo de corriente requiere obligatoriamente de buses de comunicación digital de alta velocidad para transportar los datos.,A,"La corriente se mantiene constante a lo largo de todo el lazo independientemente de la longitud del conductor (resistencia de línea), y el rango de 4-20 mA implementa el ""cero vivo"" para diagnóstico de lazos abiertos."
87,Tópico 4: Norma ISA 5.1,"Bajo la norma ISA 5.1, si un instrumento en un plano posee el Tag ""FIC-105"", ¿cuál es la descripción funcional exacta del dispositivo?",Controlador Indicador de Caudal ,Transmisor Indicador de Presión con alarma de flujo de masa.,Válvula de control proporcional con posicionador digital de nivel.,Interruptor digital de proximidad para control de velocidad angular.,A,"La primera letra ""F"" define la variable de flujo o caudal. Las letras sucesivas ""I"" y ""C"" indican que el instrumento tiene la función combinada de mostrar la lectura (Indicador) y regular la variable (Controlador)."
88,Tópico 2: Componentes de un Lazo,"¿Qué función operativa y conceptual cumple un ""Posicionador"" cuando se instala acoplado a una válvula de control proporcional en un lazo cerrado?",Compara la señal de control recibida del PLC con la posición real del vástago de la válvula y ajusta la presión neumática para corregir desviaciones mecánicas.,Mide la densidad del fluido en la tubería mediante principios ultrasónicos para enviar alarmas al software SCADA.,Convierte los pulsos digitales binarios en variaciones térmicas equivalentes a la escala absoluta Kelvin.,Actúa como un interruptor de límite On/Off que corta la energía del motor síncrono cuando la válvula se abre al 100%.,A,"El posicionador es un controlador secundario local mecánico o digital que garantiza que el actuador de la válvula alcance la apertura exacta ordenada por el PLC, venciendo la fricción y las fuerzas del fluido."
89,Tópico 4: Norma ISA 5.1,"Dentro de la norma ISA 5.1, ¿qué función específica representa la letra ""A"" cuando es utilizada como una letra sucesiva (segunda o tercera) en el Tag de un instrumento?",Representa una función de Alarma,Indica que el instrumento realiza una medición Analógica pura de planta.,Define que el dispositivo mide la variable física de Aceleración o Vibración.,Determina que el componente está instalado en una ubicación Auxiliar o remota.,A,"Cuando la letra ""A"" se encuentra en las posiciones sucesivas (no como primera letra), está normada estrictamente para identificar funciones de alarma (por ejemplo: LAH para alarma de nivel alto o TLA para alarma por baja temperatura)."
90,Tópico 1: Introducción a la Automatización,"¿A qué se refiere el concepto de ""Set Point"" o Punto de Consigna dentro de un algoritmo de control industrial?",Es el valor deseado o de referencia al que se pretende mantener la variable controlada del proceso.,Es el límite máximo de corriente de 20 mA que el transmisor intenta generar de manera matemática descendente.,Es la perturbación severa provocada por el oleaje interno que descalibra los transductores analógicos.,Es el registro continuo en papel que realiza un registrador local mecánico en la planta petroquímica.,A,El Set Point (SP) es la meta o valor objetivo fijado por el operador o el sistema jerárquico. El objetivo del lazo de control cerrado es hacer que la variable de proceso (PV) sea igual al Set Point.
91,Tópico 4: Norma ISA 5.1,Un plano P&ID muestra un círculo con una línea horizontal discontinua (punteada) que cruza su centro de extremo a extremo. ¿Qué le indica esta simbología gráfica al personal técnico sobre el instrumento?,Indica que el instrumento está montado detrás del tablero o en una ubicación no accesible para el operador.,Determina que el instrumento está integrado exclusivamente como software de control distribuido en el DCS principal.,Define que el dispositivo procesa señales hidráulicas de seguridad bajo condiciones de vacío absoluto.,Representa un elemento primario o sensor que está en contacto directo y local con el fluido de la cañería.,A,"Bajo la norma ISA 5.1, una línea horizontal discontinua o punteada en el interior de un círculo de instrumentación significa que el dispositivo está montado de forma oculta o en la parte posterior de un panel, considerándose no accesible."
92,Tópico 4: Norma ISA 5.1,"De acuerdo con las tablas de codificación de la norma ISA 5.1, ¿cuál es el significado conceptual exacto de la letra ""I"" cuando se ubica como la primera letra de un Tag?","Designa la variable de Corriente Eléctrica (Indicating no, ya que es primera letra).",Define que el instrumento realiza una función pasiva de Interrupción analógica.,Representa de manera mandatoria la variable física de Intensidad de Luz visible.,Indica que el dispositivo es de instalación Interna en salas de control remotas.,A,"Bajo la norma ISA 5.1, cuando la letra ""I"" se ubica en la primera posición (primera letra), está estrictamente reservada para identificar la variable física de corriente eléctrica."
93,Tópico 1: Introducción a la Automatización,"En un lazo cerrado de control, ¿a qué se refiere formalmente el concepto de ""Error"" o ""Desviación"" del sistema?",Es la diferencia matemática existente entre el valor del Set Point (SP) y el valor actual de la variable de proceso (PV).,Es el estado de falla catastrófica que ocurre cuando el transmisor analógico corta su línea y cae a cero miliamperios.,Es el porcentaje fijo del rango de calibración que el sensor pierde debido al desgaste mecánico por fricción.,Es la interferencia electromagnética severa provocada por los transductores de proximidad sobre el bus del PLC.,A,El error del sistema se define matemáticamente como la resta entre la consigna deseada y la variable medida (Error = SP - PV). El controlador usa este valor para calcular la acción correctiva.
94,Tópico 4: Norma ISA 5.1,"Dentro de la norma ISA 5.1, ¿qué función específica representa la letra ""H"" cuando es utilizada como una letra modificadora o sucesiva final (ej. en LAH o PSH)?",Indica una condición o límite de valor Alto,Define que el instrumento procesa variables bajo condiciones Hidráulicas de alta presión.,Representa una función interna de software dedicada al Historial de datos del SCADA.,Determina que el componente físico posee una carcasa Hermética para atmósferas explosivas.,A,"La letra ""H"" en las posiciones sucesivas o finales actúa como un modificador para indicar que el instrumento opera, activa una alarma o conmuta ante un valor o límite Alto (High)."
95,Tópico 2: Componentes de un Lazo,"¿Qué describe conceptualmente el término ""Planta"" o ""Proceso"" en el ámbito de la instrumentación y el control industrial?","Es el equipo físico, sistema o conjunto de operaciones mecánicas y químicas cuyas variables se desean regular de forma automática.",Es el algoritmo informático cerrado que ejecuta la lógica de comparación de datos en los canales de entrada del PLC.,Es la interfaz gráfica o HMI mediante la cual el operador introduce los valores del punto de consigna en Kelvin.,Es la red estandarizada de tuberías auxiliares de aire comprimido que suministra energía neumática de 3 a 15 psi.,A,"La planta o proceso es el sistema físico real (tanque, reactor, caldera, ducto) que contiene la masa o energía que se busca medir y controlar mediante el lazo de instrumentación."
96,Tópico 4: Norma ISA 5.1,"Si en un diagrama P&ID bajo norma ISA 5.1 se observa el símbolo de un círculo que no contiene líneas internas, pero está rodeado exteriormente por un cuadrado, ¿qué representa?",Representa una función de control o visualización compartida que está montada localmente en el campo de la planta.,Indica que el instrumento es un enclavamiento lógico que se ejecuta de forma exclusiva en la pantalla del SCADA central.,Define un instrumento mecánico analógico ciego que no tiene interacción alguna con señales analógicas de 4-20 mA.,Determina un elemento primario de seguridad que trabaja con enlaces hidráulicos en condiciones criogénicas remotas.,A,"Un círculo metido dentro de un cuadrado representa una función de control/visualización compartida (DCS, PLC o SCADA). Si no tiene líneas internas, significa que esa interfaz o función compartida está localizada localmente en campo, no en la sala de control principal."
97,Tópico 3: Tipos de Señales,"Al implementar sistemas de control industrial, ¿cuál es la principal característica operativa de una ""Señal Discreta"" o ""Digital Binaria""?","Posee únicamente dos estados lógicos posibles bien definidos (como encendido/apagado, abierto/cerrado, 0 o 1).",Varía de forma continua a lo largo del tiempo mapeando con precisión matemática exacta el perfil del proceso.,Requiere obligatoriamente ser calibrada utilizando la escala absoluta Kelvin para evitar derivas térmicas en el bus.,Su nivel de voltaje se atenúa proporcionalmente a la resistencia del cable de cobre en distancias largas de planta.,A,"A diferencia de las señales analógicas (que son continuas), las señales discretas o digitales binarias representan variables de estado con solo dos posibilidades operativas fijas (On/Off)."
98,Tópico 4: Norma ISA 5.1,"Bajo las reglas de codificación de la norma ISA 5.1, si un instrumento en un plano posee el Tag ""TW-204"", ¿cuál es el componente físico real que identifica?",Un termopozo o vaina de protección térmica (Thermowell).,Un transmisor de temperatura adaptado para operar bajo el agua.,Un interruptor digital de temperatura para alarmas de nivel crítico alto.,Una válvula proporcional accionada por variaciones de velocidad angular.,A,"La primera letra ""T"" define la variable de temperatura. La letra sucesiva ""W"" está normada para identificar elementos pasivos de conexión o pozos de protección (Wells / Sockets), representando un termopozo."
99,Tópico 2: Componentes de un Lazo,"¿Qué es conceptualmente un ""Transductor"" en un entorno de procesos industriales y cómo se relaciona con un sensor?","Es un dispositivo que convierte una forma de energía o magnitud física en otra, generalmente transformando señales menores del sensor en magnitudes eléctricas o neumáticas.",Es el software interno del PLC encargado de compilar el código lógico antes de transferir los datos al SCADA.,Es un interruptor electromecánico de flotador que corta directamente la alimentación de los motores de potencia de la planta.,Es la cañería o conducto de acero inoxidable encargado de transportar fluidos a presiones superiores a 60 bar.,A,"El transductor se encarga de la conversión de energía (por ejemplo, transformar el cambio de resistencia de un sensor en un voltaje o corriente utilizable por el transmisor o controlador)."
100,Tópico 4: Norma ISA 5.1,"Dentro de la norma ISA 5.1, ¿qué variable física de proceso representa la letra ""W"" cuando se ubica específicamente como la primera letra de un Tag?","Peso, Fuerza o Masa (Weight).",Humedad relativa del aire de proceso (Water/Humidity).,Caudal volumétrico totalizado de vapor de alta presión.,Velocidad de rotación angular en maquinaria pesada.,A,"De acuerdo con las tablas oficiales de variables de la norma ISA 5.1, la letra ""W"" en la primera posición de una etiqueta está asignada estrictamente a la medición de peso, fuerza o masa."
101,Tópico 1: Introducción a la Automatización,¿Qué limitación operativa fundamental posee un lazo de control cerrado si el sensor sufre un retraso de tiempo severo (tiempo muerto) al reportar la variable de proceso?,"El controlador tomará decisiones basadas en información desactualizada, lo que puede provocar oscilaciones severas e inestabilidad en la planta.",El sistema convertirá de forma obligatoria todas las entradas continuas en señales discretas binarias On/Off.,El transmisor elevará su corriente teórica por encima de los 20 mA intentando compensar la velocidad de la red.,Se anulará por completo el principio de retroalimentación haciendo que la válvula proporcional se cierre al 0%.,A,"El tiempo muerto o retraso en la medición es crítico en lazo cerrado; si el controlador recibe la lectura de la perturbación tarde, aplicará una corrección extemporánea que suele amplificar el error y volver inestable el proceso."
102,Tópico 5: Sensores de Temperatura,¿Qué principio físico fundamental rige el funcionamiento operativo de un termopar para la medición de temperatura en la industria?,"El efecto Seebeck, que establece que la unión de dos metales diferentes genera una fuerza electromotriz (voltaje) proporcional a la diferencia de temperatura.","El efecto piezoeléctrico, que produce una variación de corriente continua cuando se somete el sensor a esfuerzos mecánicos.",La variación lineal de la resistencia óhmica de un material conductor semiconductor debido a la agitación térmica molecular.,La emisión de radiación infrarroja de onda corta proporcional a la temperatura absoluta expresada en escala Kelvin.,A,"Un termopar se basa en el efecto Seebeck: al unir dos metales distintos en un extremo (unión de medición) y mantener el otro a otra temperatura (unión de referencia), aparece un voltaje del orden de los milivoltios (mV) proporcional al gradiente térmico."
103,Tópico 5: Sensores de Temperatura,¿Cómo varía la resistencia eléctrica de un sensor RTD (como el Pt100) a medida que se incrementa la temperatura del proceso?,Su resistencia aumenta de manera proporcional y altamente lineal con el incremento de la temperatura (posee coeficiente PTC).,Su resistencia disminuye de forma exponencial a medida que el sistema absorbe calor desde el proceso en planta.,"Su resistencia permanece estrictamente fija en 100 ohmios, pero incrementa el voltaje analógico de lazo de 4 a 20 mA.",Su resistencia oscila de forma binaria conmutando digitalmente entre cero ohmios y un estado de circuito abierto absoluto.,A,"Los detectores de temperatura por resistencia (RTD) metálicos poseen un coeficiente de temperatura positivo (PTC), lo que significa que su resistencia eléctrica aumenta conforme se eleva la temperatura."
104,Tópico 5: Sensores de Temperatura,"¿Cuál es el significado conceptual exacto del término ""Pt100"" utilizado comúnmente en la especificación técnica de un sensor industrial?",Indica que es un sensor fabricado de Platino que posee una resistencia eléctrica nominal de exactamente 100 ohmios a 0 °C.,Define que el instrumento es un termopar de Platino capaz de medir de forma lineal un rango térmico de hasta 100 Kelvin.,Significa que el dispositivo requiere una alimentación analógica de 100 Voltios de corriente continua para energizar su lazo.,Determina que el sensor genera una salida digital por pulsos que satura el canal del PLC al alcanzar los 100 °C.,A,"Pt representa el elemento químico químico Platino (material del conductor del sensor) y ""100"" especifica su resistencia óhmica base de 100 Ω a la temperatura de hielo fundente (0 °C)."
105,Tópico 5: Sensores de Temperatura,"En la instalación de un termopar, ¿cuál es la función conceptual y operativa del ""Cable de Compensación"" o de extensión?",Extender los terminales del termopar desde el punto de medición local hasta los instrumentos receptores o PLC sin introducir un error térmico en la unión fría.,Elevar la impedancia eléctrica del lazo analógico para conmutar el canal a un estado digital binario On/Off de seguridad.,Proteger físicamente los cables internos contra presiones mecánicas superiores a 60 bar mediante blindaje de acero inoxidable.,Convertir directamente la señal de milivoltios de campo en una salida estandarizada de voltaje de 0 a 10 VCC de forma lineal.,A,"El cable de compensación tiene propiedades termoeléctricas idénticas o muy similares a las del termopar. Su función es trasladar la ""unión de referencia"" o ""unión fría"" desde el cabezal del instrumento hasta un entorno de temperatura estable (como el tablero del PLC) sin generar termopares parásitos intermediarios."
106,Tópico 5: Sensores de Temperatura,¿Qué configuración física de cableado en un sensor RTD Pt100 ofrece la mayor precisión técnica al eliminar los efectos de la resistencia de los hilos de conexión en distancias largas?,La configuración de 4 hilos (cuatro conductores).,La configuración clásica de 2 hilos (dos conductores).,La conexión en lazo abierto mediante un solo cable coaxial blindado.,La interconexión neumática directa de 3 a 15 psi con cero vivo.,A,"La configuración de 4 hilos es la más precisa porque utiliza dos hilos independientes para inyectar una corriente constante conocida y otros dos hilos exclusivos de alta impedancia para medir el voltaje en el sensor, cancelando matemáticamente cualquier caída de tensión provocada por la resistencia propia de los cables conductores a lo largo del trayecto."
107,Tópico 5: Sensores de Temperatura,"Al comparar un Termopar con una RTD Pt100 en el ámbito industrial, ¿cuál es la principal ventaja operativa de un termopar?",Su capacidad para medir temperaturas extremadamente altas (rango amplio de hasta más de 1500 °C según el tipo) y su alta robustez mecánica.,Su perfecta linealidad matemática en todo su rango útil que evita escalamientos complejos en el algoritmo del PLC.,Su inmunidad absoluta ante ruidos electromagnéticos industriales provocados por variadores de frecuencia de gran potencia.,La generación directa de una señal analógica normalizada de 4-20 mA sin necesidad de transductores o transmisores intermedios.,A,"Los termopares cubren rangos de temperatura mucho mayores que las RTD (las cuales suelen limitarse a unos 600 °C o 800 °C máximo) y son físicamente más robustos para aplicaciones pesadas como hornos, fundiciones o turbinas de gas."
108,Tópico 5: Sensores de Temperatura,"Al comparar una RTD Pt100 con un Termopar, ¿cuál es la principal ventaja técnica que justifica elegir una RTD en procesos químicos estables?","Su excelente precisión, repetibilidad y estabilidad a largo plazo en rangos de temperatura bajos y moderados.",Su velocidad de respuesta instantánea ante perturbaciones violentas de tipo térmico en la cañería de vapor.,La generación directa de voltajes elevados del orden de los 24 VCC que mitigan el uso de buses industriales compartidos.,Su menor costo económico y su total inmunidad ante variaciones de resistencia provocadas por la longitud del cable conductor.,A,"Las RTD son los sensores de temperatura más precisos y estables disponibles para la industria, lo que las convierte en la opción predilecta para procesos que requieren un control térmico riguroso y de alta fidelidad dentro de su rango de operación útil."
109,Tópico 5: Sensores de Temperatura,"¿A qué se refiere el fenómeno de ""Autocalentamiento"" en un sensor RTD y cómo impacta en la confiabilidad del monitoreo?",Es el error de medición provocado por el calor generado internamente en la RTD debido al paso de la corriente de excitación eléctrica enviada por el PLC.,Es la elevación de temperatura en el termopar debido al rozamiento mecánico del fluido a presiones superiores a los 50 bar.,Es la calibración matemática automática que ejecuta el transmisor inteligente para compensar la deriva de la escala absoluta Kelvin.,Es la respuesta transitoria del sensor cuando una reacción exotérmica severa bloquea la cañería aguas arriba del lazo cerrado.,A,"Para medir la resistencia de una RTD se le debe hacer circular una corriente eléctrica de excitación. Esta corriente genera calor por efecto Joule en el elemento sensor, elevando su temperatura por encima de la del proceso real (autocalentamiento), por lo que dicha corriente debe ser siempre muy baja (típicamente de 1 mA o menos)."
110,Tópico 5: Sensores de Temperatura,"¿Qué define conceptualmente el término ""Unión Fría"" o unión de referencia en un sistema de medición basado en termopares?",Es la unión de los cables del termopar con los conductores de instrumentación donde se mide la temperatura ambiente de referencia para poder calcular la temperatura real en la punta del sensor.,Es el punto de congelamiento criogénico de la mezcla química donde la señal eléctrica del transductor se estabiliza a cero miliamperios.,Es el extremo soldado que está en contacto directo con el fluido de proceso dentro de la tubería o cámara de calentamiento de la planta.,Es la protección mecánica externa que aísla los circuitos integrados del PLC de los ruidos electromagnéticos del variador de frecuencia.,A,"Dado que un termopar mide el gradiente térmico entre sus dos extremos (según el efecto Seebeck), para deducir la temperatura absoluta del punto medido (unión caliente) es mandatorio conocer con exactitud la temperatura del extremo opuesto (unión fría o de referencia) y compensar matemáticamente su aporte de voltaje."
111,Tópico 5: Sensores de Temperatura,"De acuerdo con las clasificaciones normativas de termopares industriales, ¿cuáles son los metales que componen el termopar ""Tipo K"", uno de los más utilizados en la industria general?",Cromel (aleación de níquel-cromo) y Alumel (aleación de níquel-aluminio).,Hierro y Constantán (aleación de cobre-níquel).,Platino y Rodio en diferentes porcentajes de masa química pura.,Cobre y Constantán calibrados linealmente para ambientes de vacío absoluto.,A,"El termopar Tipo K está normado e integrado por una pierna positiva de Cromel y una pierna negativa de Alumel, ofreciendo un amplio rango térmico operativo a un costo económico competitivo."
112,Tópico 5: Sensores de Temperatura,"En la nomenclatura de termopares de metales nobles para aplicaciones de temperaturas extremas en hornos industriales, ¿qué letras asigna la norma para identificar los termopares basados en Platino y Rodio?","Tipos R, S y B.","Tipos J, K y T.","Tipos E, N y L.","Tipos X, Y y Z.",A,"Los termopares de metales nobles (Platino-Rodio) corresponden a las clasificaciones normalizadas R, S y B. Son capaces de soportar y medir con alta confiabilidad temperaturas muy elevadas (hasta 1600 °C o 1700 °C) sin fundirse ni degradarse rápidamente."
113,Tópico 5: Sensores de Temperatura,"Si una RTD Pt100 se cablea utilizando una configuración de 2 hilos para una distancia de 150 metros en planta, ¿qué efecto operativo indeseado se manifestará en el sistema de control?","La resistencia propia del cable conductor se sumará directamente a la resistencia de la Pt100, provocando un error sistemático de sobrelectura de temperatura en el PLC.",El canal de entrada analógica del PLC sufrirá un cortocircuito eléctrico debido a la saturación instantánea del lazo a 20 mA.,La señal analógica continua se transformará de manera irreversible en una señal discreta binaria de tipo On/Off con histéresis.,El transmisor inteligente conmutará automáticamente a la escala absoluta Kelvin desactivando las alarmas de proceso alto.,A,"En una conexión de 2 hilos, la resistencia de las líneas va en serie con el elemento Pt100. En distancias largas, la resistencia del cobre añade un valor óhmico significativo que el PLC interpreta falsamente como un incremento de temperatura del proceso."
114,Tópico 5: Sensores de Temperatura,"¿Qué diferencia física y constructiva existe entre un termopar tipo ""Unión Expuesta"" y uno de ""Unión Aislada"" respecto a su tiempo de respuesta y protección?","La unión expuesta tiene la soldadura fuera de la vaina metálica ofreciendo una respuesta térmica muy rápida, mientras que la aislada está protegida internamente contra la corrosión pero responde más lento.",La unión expuesta opera exclusivamente bajo señales neumáticas de 3-15 psi y la aislada trabaja únicamente con buses analógicos de 4-20 mA.,La unión aislada genera voltajes alternos senoidales de alta frecuencia y la expuesta trabaja bajo el principio binario On/Off.,La unión expuesta cancela por completo el autocalentamiento Joule y la aislada duplica el error provocado por la resistencia del cable.,A,"La unión expuesta deja los hilos soldados en contacto directo con el fluido, maximizando la velocidad de transferencia térmica (bajo tiempo muerto), mientras que la unión aislada encapsula la soldadura dentro de material cerámico y metal protector, aislándola eléctricamente y protegiéndola del medio químico nocivo a costa de ralentizar su velocidad de respuesta."
115,Tópico 5: Sensores de Temperatura,"¿Cuál es el comportamiento eléctrico estándar de una RTD del tipo ""Pt1000"" en comparación directa con la clásica Pt100?","Posee una resistencia nominal de 1000 ohmios a 0 °C, lo que minimiza el impacto del error provocado por la resistencia de los cables en conexiones de 2 hilos.",Genera voltajes termoeléctricos diez veces superiores bajo el efecto Seebeck estabilizando de forma digital el error del lazo cerrado.,Requiere obligatoriamente un bus de transmisión neumático para escalar su lectura dentro de la interfaz gráfica del software SCADA.,Funciona únicamente ante límites térmicos criogénicos por debajo del cero absoluto medido en la escala Kelvin.,A,"La Pt1000 tiene una base óhmica diez veces mayor (1000 Ω a 0 °C). Por ende, si los cables de conexión añaden, por ejemplo, 2 ohmios de resistencia, el error porcentual inducido en una Pt1000 es muchísimo menor y más despreciable que en una Pt100, facilitando su uso a 2 hilos en ciertas aplicaciones."
116,Tópico 5: Sensores de Temperatura,"En la industria petroquímica, ¿qué componente de montaje mecánico es obligatorio instalar para proteger tanto a una RTD como a un termopar de los efectos de la corrosión, la presión y la velocidad del fluido dentro de una cañería principal?",Un termopozo o vaina de protección de instrumentación térmica (Thermowell).,Un posicionador electro-neumático lineal con indicación compartida.,Un transductor de variables analógicas dotado de cero vivo redundante.,Un módulo de enclavamiento lógico gobernado por contactos secos digitales.,A,"El termopozo es un tubo o vaina metálica sellada que se inserta permanentemente en la tubería o reactor. El sensor de temperatura (termopar o RTD) se introduce dentro de este termopozo, permitiendo extraerlo para calibración o recambio sin necesidad de vaciar o detener el proceso industrial."
117,Tópico 5: Sensores de Temperatura,¿Qué fenómeno de falla termoeléctrica ocurre si los cables de extensión de un termopar sufren una degradación o cortocircuito físico intermedio en un punto del trayecto antes de llegar al tablero del PLC?,"Se crea una nueva unión térmica parásita (""falso termopar"") y el sistema de adquisición comenzará a medir erróneamente la temperatura existente en el punto del cortocircuito.",El transmisor analógico elevará instantáneamente su voltaje lineal a 110 VCA deteniendo los motores síncronos aguas abajo.,La resistencia de lazo caerá a un valor absoluto inverso forzando al controlador PID a operar en lazo abierto.,El algoritmo del controlador invertirá automáticamente el signo matemático de la variable medida frente al Set Point.,A,"Bajo el principio del efecto Seebeck, si los conductores del termopar entran en contacto físico accidental (cortocircuito) en un punto intermedio debido a daños por calor o mecánicos, ese nuevo punto de contacto actuará como la ""unión de medición"", provocando que el PLC procese la temperatura de ese lugar y no la de la punta del sensor."
118,Tópico 5: Sensores de Temperatura,"De acuerdo con las clasificaciones normalizadas de los sensores de temperatura, ¿cuál es la diferencia constructiva y de material básica entre un termistor (NTC/PTC) y una RTD industrial?","La RTD está fabricada con metales puros (como platino o níquel) de comportamiento altamente lineal, mientras que el termistor utiliza materiales semiconductores muy sensibles pero altamente no lineales.",La RTD funciona mediante la generación de milivoltios por efecto Seebeck y el termistor opera mediante enlaces neumáticos estandarizados.,El termistor requiere un cable de compensación especial de metales nobles y la RTD utiliza contactos secos de potencia On/Off.,La RTD posee un tiempo muerto de respuesta instantáneo y el termistor se limita de forma exclusiva a procesos a escala Kelvin.,A,"Las RTD emplean metales finos cuya resistencia cambia de forma predecible y lineal con la temperatura. Los termistores se construyen con óxidos metálicos semiconductores que muestran variaciones de resistencia muy drásticas ante pequeños cambios de temperatura, siendo muy útiles para sensar rangos estrechos o en electrónica de consumo masivo, pero carecen de la linealidad de alcance de una RTD industrial."
119,Tópico 5: Sensores de Temperatura,¿Por qué no se deben utilizar cables comunes de cobre para conectar directamente un termopar desde su cabezal de campo hasta la tarjeta de entradas analógicas de un PLC sin un transmisor intermedio?,Porque la unión de los hilos del termopar con los bornes de cobre genera nuevos termopares parásitos no compensados que falsean por completo el voltaje Seebeck medido.,Porque el cable de cobre común atenúa por completo las frecuencias de muestreo digital induciendo aliasing en el algoritmo del controlador.,Porque el cobre posee un coeficiente de autocalentamiento Joule tan alto que funde la soldadura física de la unión caliente en planta.,Porque la normativa ISA 5.1 prohíbe de forma mandatoria el uso de metales conductores simples en lazos analógicos de 4-20 mA.,A,"Si se conecta cobre común directamente a los terminales del termopar en campo, se crean uniones metálicas heterogéneas adicionales en ese cabezal. Estas uniones generan voltajes térmicos propios que distorsionan e invalidan la pequeña señal de milivoltios original que viaja hacia el PLC."
120,Tópico 5: Sensores de Temperatura,¿Cuál es el comportamiento de un sensor RTD Pt100 si sufre una rotura interna completa de su filamento conductor de platino mientras el lazo analógico está en plena operación de planta?,"Su resistencia eléctrica se eleva hacia un valor teóricamente infinito (circuito abierto), lo que el transmisor o PLC interpreta como una temperatura extremadamente alta en su escala de seguridad.",Su voltaje Seebeck cae a cero milivoltios fijos provocando una alarma por congelamiento en la interfaz gráfica del software SCADA.,La señal analógica de corriente del lazo se estabiliza de forma permanente e invariable en 4.000 mA debido al cero vivo.,El sensor permuta mecánicamente sus terminales internos para activar de forma local una alarma digital On/Off por contacto seco.,A,"Al romperse el conductor de platino de una RTD, la resistencia medida pasa a ser infinita (circuito abierto). La gran mayoría de los transmisores y módulos de PLC detectan este aumento de resistencia masivo y disparan sus lecturas al máximo del rango (o activan la lógica de falla por burnout) para alertar al sistema de control."
121,Tópico 5: Sensores de Temperatura,"¿Qué ventaja conceptual y económica ofrece instalar un ""Transmisor de Temperatura de Cabezal"" montado directamente dentro de la caja de conexiones de una RTD o Termopar en el campo?","Convierte la señal débil original (ohmios o milivoltios) localmente en una señal estandarizada de 4-20 mA, eliminando la necesidad de usar costosos cables de compensación o sufrir pérdidas de señal por distancias largas.",Transforma de forma directa las variaciones térmicas de la planta en variables neumáticas proporcionales de 3 a 15 psi.,Permite al operario modificar de forma mecánica el Set Point del lazo cerrado sin ingresar al entorno lógico del PLC central.,Sincroniza la frecuencia de muestreo del transductor digital eliminando de forma física el fenómeno del aliasing en la red.,A,"Al colocar un transmisor tipo ""disco"" en el propio cabezal del sensor, las señales propensas a ruidos y caídas de tensión (como los mV del termopar o los Ω de la RTD) se convierten de inmediato a un lazo robusto de corriente de 4-20 mA. Esto permite llevar la información al PLC usando cableado de cobre industrial estándar sin pérdida de precisión a lo largo de cientos de metros."
122,Tópico 6: Reconocimiento de Magnitudes,"¿Cómo se define conceptualmente la ""Presión Hidrostática"" en un tanque de almacenamiento industrial?","Es la fuerza por unidad de área que ejerce un líquido en reposo sobre las paredes y el fondo del contenedor, directamente proporcional a su altura y densidad.",Es el caudal volumétrico neto que ingresa por las cañerías superiores midiendo la velocidad molecular del fluido.,Es la energía térmica acumulada en el centro de masa de una sustancia química expresada en la escala Kelvin.,Es un cambio discreto de tipo On/Off que activa mecánicamente las alarmas de seguridad críticas en un DCS.,A,"La presión hidrostática depende exclusivamente de la altura del nivel del líquido, la densidad del fluido y la gravedad (P = \rho \cdot g \cdot h), utilizándose comúnmente para inferir el nivel de un tanque."
123,Tópico 6: Reconocimiento de Magnitudes,"En la medición de fluidos, ¿cuál es la diferencia conceptual fundamental entre el ""Caudal Volumétrico"" y el ""Caudal Másico""?","El volumétrico mide el espacio ocupado por el fluido por unidad de tiempo (m³/h), mientras que el másico mide la cantidad de materia real transportada (kg/h).",El caudal másico trabaja exclusivamente bajo presiones superiores a 60 bar y el volumétrico opera en condiciones de vacío absoluto.,El volumétrico se transmite mediante señales neumáticas de 3-15 psi y el másico utiliza pulsos digitales binarios.,Ambos conceptos son sinónimos absolutos bajo la norma ISA 5.1 y miden exactamente la agitación térmica molecular.,A,"El caudal volumétrico (Q) se enfoca en el volumen del fluido que circula, mientras que el caudal másico (W) mide la masa, siendo este último independiente de las variaciones de temperatura y presión que alteran la densidad del fluido."
124,Tópico 6: Reconocimiento de Magnitudes,"¿Qué describe físicamente la magnitud de la ""Viscosidad"" en un fluido de proceso y cómo impacta en la instrumentación de caudal?","Es la resistencia interna de un fluido a fluir o deformarse ante esfuerzos cortantes, lo que altera el perfil de velocidad y la calibración del sensor.",Es el porcentaje total de sólidos disueltos que activan mecánicamente las compuertas lógicas de seguridad en el PLC.,Es el diferencial de voltaje analógico que un termopar genera localmente en campo bajo el efecto Seebeck.,Es la velocidad de evaporación criogénica que experimentan los hidrocarburos volátiles cuando igualan el cero absoluto Kelvin.,A,"La viscosidad mide la ""fricción interna"" de un fluido. Fluctuaciones severas en la viscosidad (por ejemplo, por cambios de temperatura) pueden alterar drásticamente el comportamiento de medidores de caudal como los de turbina o de presión diferencial."
125,Tópico 6: Reconocimiento de Magnitudes,"En el ámbito industrial, ¿qué relación física directa existe entre la magnitud de la Temperatura y la Presión de un gas confinado en un volumen constante?",Un incremento en la temperatura provoca un aumento proporcional en la presión debido al aumento de la energía cinética de las moléculas.,Un aumento térmico genera de forma automática una caída de la presión hasta estabilizarse en cero miliamperios.,La presión disminuye exponencialmente intentando forzar al transmisor a conmutar a una señal discreta On/Off.,Ambas magnitudes se independizan por completo anulando los principios de la escala absoluta Kelvin y el lazo de control.,A,"Según la ley de Gay-Lussac para gases ideales a volumen constante, la presión y la temperatura absoluta son directamente proporcionales; al calentar el gas, las moléculas chocan con mayor fuerza contra las paredes del contenedor."
126,Tópico 6: Reconocimiento de Magnitudes,"¿Cuál es la definición formal de la magnitud de ""Presión Diferencial"" y en qué aplicaciones funcionales de planta se aprovecha?","Es la diferencia de presión medida entre dos puntos distintos de un sistema, utilizada comúnmente para determinar caudales o niveles de tanques cerrados.",Es la presión absoluta calibrada que se genera de forma matemática descendente por debajo de la presión atmosférica local.,Es el umbral de voltaje eléctrico de 0 a 10 VCC que destruye el filamento metálico de una RTD Pt100 por cortocircuito.,Es una variable manipulada discontinua que regula de forma exclusiva la velocidad angular de un motor síncrono.,A,"La presión diferencial (\Delta P) es el núcleo operativo de muchos instrumentos; por ejemplo, al medir la caída de presión a través de una placa de orificio se puede deducir el caudal, o al medir entre la base y el tope de un tanque presurizado se obtiene el nivel."
127,Tópico 6: Reconocimiento de Magnitudes,¿Qué unidad de medida del Sistema Internacional (SI) corresponde legal y formalmente a la magnitud de la Presión?,"El Pascal (Pa), definido como la aplicación de una fuerza de un Newton sobre un área de un metro cuadrado.","El Bar, calibrado de forma exclusiva para simular el cero vivo en transmisiones analógicas de 4-20 mA.","El Kelvin (K), que establece el punto de neutralización térmica absoluta de los reactores químicos en planta.","El Litro por segundo (l/s), que cuantifica el desplazamiento continuo de masa en fluidos de alta viscosidad.",A,"El Pascal (1\ Pa = 1\ N/m²) es la unidad oficial del SI para la presión. En la industria también se usan mucho el bar, el psi o el kg/cm², pero el Pascal y sus múltiplos (kPa, MPa) son el estándar normativo."
128,Tópico 6: Reconocimiento de Magnitudes,"¿A qué magnitud de proceso corresponde la especificación técnica industrial de ""Metros Cúbicos por Hora"" ?",Caudal Volumétrico.,Presión Diferencial Absoluta.,Nivel Dinámico Continuo.,Masa Molecular Compacta.,A,"Los metros cúbicos (m³) denotan volumen y la hora (h) representa tiempo. Por lo tanto, m³/h es una unidad clásica empleada para especificar el caudal volumétrico en tuberías y procesos de transporte de fluidos."
129,Tópico 6: Reconocimiento de Magnitudes,"Si un sensor mide la deformación mecánica de un cuerpo debido a una fuerza aplicada por unidad de área en una tolva, ¿qué magnitud física está registrando?",Esfuerzo mecánico o Presión.,Temperatura Criogénica.,Velocidad Lineal por Pulsos.,Humedad Relativa Equivalente.,A,"La aplicación de una fuerza sobre un área determinada (F/A) define físicamente a la presión o esfuerzo mecánico, magnitud que se aprovecha en celdas de carga y sensores piezorresistivos para pesar tolvas o estanques."
130,Tópico 6: Reconocimiento de Magnitudes,"¿Qué unidad de medida se utiliza habitualmente en la industria para expresar el ""Caudal Másico"" en sistemas de transporte de sólidos o vapor de alta densidad?",Kilogramos por hora o Toneladas por hora ,Libras por pulgada cuadrada en la escala de cero vivo.,Metros por segundo acoplados a transductores ultrasónicos.,Milivoltios por grado Celsius bajo el efecto Seebeck.,A,"Dado que el caudal másico representa la cantidad de masa que fluye por unidad de tiempo, se expresa combinando unidades de masa (kilogramos, toneladas, libras) con unidades de tiempo (segundos, minutos, horas)."
131,Tópico 6: Reconocimiento de Magnitudes,"¿Cuál es la diferencia conceptual entre la ""Presión Manométrica"" y la ""Presión Absoluta"" en el monitoreo industrial?","La manométrica toma como punto de referencia cero a la presión atmosférica local, mientras que la absoluta toma como referencia el vacío perfecto.",La absoluta se mide únicamente utilizando la escala absoluta Kelvin y la manométrica se transmite por enlaces neumáticos de 3-15 psi.,La manométrica registra de forma exclusiva fluidos altamente viscosos y la absoluta trabaja solo con variables discretas On/Off.,Ambas presiones se diferencian por un factor de error aleatorio incontrolable inducido por los variadores de frecuencia de la planta.,A,"La presión absoluta es la suma de la presión manométrica más la presión atmosférica local (P_{abs} = P_{man} + P_{atm}). Cuando un manómetro común está abierto al aire, marca cero (presión manométrica), pero en realidad soporta la presión de la atmósfera."
132,Tópico 6: Reconocimiento de Magnitudes,"En la automatización de procesos hidráulicos, ¿qué describe físicamente la magnitud de ""Nivel"" en un estanque?",La altura que alcanza la superficie libre de un líquido o sólido granulado con respecto a una línea de referencia o base del contenedor.,El caudal totalizado que ha cruzado de forma ininterrumpida la válvula proporcional en un intervalo de 40 segundos.,La fuerza electromotriz en milivoltios generada por la fricción molecular del fluido contra las paredes del ducto.,La cantidad de perturbaciones térmicas que descalibran de forma sistemática el Set Point del controlador PID.,A,"El nivel mide la altura física del contenido de un tanque (líquido o sólido), permitiendo calcular el volumen remanente almacenado y evitar reboses o vaciados críticos."
133,Tópico 6: Reconocimiento de Magnitudes,"¿A qué magnitud física corresponde formalmente la unidad de medida industrial denominada ""PSI"" (Pounds per Square Inch)?","Presión, expresada en libras de fuerza por pulgada cuadrada en el sistema anglosajón.","Caudal, determinado por el volumen neto inyectado cada 45 segundos en la planta textil.","Temperatura, escalada matemáticamente a partir del punto de hielo fundente del agua pura.","Conductividad, calculada mediante la inyección de corrientes analógicas de 4 a 20 mA.",A,"La sigla psi representa la unidad de presión del sistema inglés (libras por pulgada cuadrada), ampliamente utilizada en refinerías, sistemas neumáticos y calderas comerciales."
134,Tópico 6: Reconocimiento de Magnitudes,"¿Qué principio físico define a la variable de proceso ""Densidad"" en el control de calidad de la industria alimentaria o petroquímica?",Es la cantidad de masa contenida en una unidad de volumen determinada de una sustancia específica.,Es la velocidad a la que un fluido se desplaza de manera lineal dentro de una cañería de acero inoxidable.,Es el retardo de propagación que sufre una señal neumática cuando viaja distancias largas en la planta.,Es la capacidad de un conductor de platino para modificar su resistencia óhmica base a los 0 °C.,A,"La densidad (\rho = m/V) es una magnitud intensiva clave; cambios en ella indican variaciones en la composición de mezclas químicas, concentración de azúcares o pureza de combustibles."
135,Tópico 6: Reconocimiento de Magnitudes,¿Qué magnitud se define operacionalmente como la cantidad de calor o energía cinética promedio que poseen las moléculas de un cuerpo en planta?,Temperatura.,Presión Diferencial.,Caudal Volumétrico.,Peso Neto de Tara.,A,La temperatura es el indicador macroscópico directo de la energía térmica interna (movimiento o agitación molecular) de una sustancia o medio de proceso en la industria.
136,Tópico 6: Reconocimiento de Magnitudes,"¿A qué magnitud industrial corresponde la unidad de medida denominada ""Litros por Minuto"" ?",Caudal Volumétrico.,Presión Manométrica.,Masa Compactada.,Frecuencia Angular.,A,"El litro por minuto (l/min) expresa el volumen de fluido (en litros) que pasa por una sección de tubería en un tiempo determinado (un minuto), siendo una unidad típica de caudal volumétrico."
137,Tópico 6: Reconocimiento de Magnitudes,"Cuando se habla del ""Peso"" de un producto en un sistema automatizado de empaque, ¿qué magnitud física real se está evaluando mediante las celdas de carga?","La fuerza gravitacional ejercida sobre la masa del objeto, expresada formalmente en Newtons o comercialmente en Kilogramos-fuerza.",La presión hidrostática que el aire circundante ejerce sobre las pantallas del software SCADA central.,La variación resistiva lineal de un termistor de óxido semiconductor expuesto al ambiente local.,El volumen neto de fluido compresible desalojado en una cañería a lo largo de un intervalo de 10 minutos.,A,"Aunque en el lenguaje comercial se habla de ""peso"" en kilogramos, físicamente las celdas de carga miden la fuerza ejercida por la masa bajo la aceleración de la gravedad (F = m \cdot g)."
138,Tópico 6: Reconocimiento de Magnitudes,"¿Cuál es la unidad de medida fundamental en la industria internacional para registrar la magnitud de la ""Temperatura Absoluta"" sin valores negativos?",El Kelvin (K).,El Grado Celsius (°C).,El Grado Fahrenheit (°F).,El Voltio Continuo (VCC).,A,"El Kelvin (K) es la unidad de temperatura del Sistema Internacional que inicia en el cero absoluto (ausencia total de movimiento molecular), por lo que carece de valores negativos y es la base de las leyes termodinámicas."
139,Tópico 6: Reconocimiento de Magnitudes,¿Qué magnitud física mide un instrumento industrial cuyo principio de operación se basa en emitir ondas acústicas de alta frecuencia para calcular el tiempo de retorno desde un espejo de líquido?,Nivel (mediante tecnología ultrasónica).,Temperatura (mediante el efecto Seebeck).,Presión Diferencial (mediante celdas piezorresistivas).,Caudal Másico (mediante el efecto de Coriolis).,A,Los sensores ultrasónicos de nivel calculan la distancia midiendo el tiempo de vuelo que tarda un pulso de sonido en viajar desde el sensor hasta reflejarse en la superficie de la sustancia (líquido o sólido) y regresar.
140,Tópico 6: Reconocimiento de Magnitudes,"¿A qué variable de proceso corresponde la especificación de ""Milímetros de Columna de Agua""?",Presión (generalmente rangos bajos o presiones diferenciales en ductos de ventilación).,Caudal Volumétrico (en líneas de dosificación farmacéutica de alta velocidad).,Temperatura Absoluta (medida en los bornes de compensación de un termopar).,Masa Neta de almacenamiento granulado en silos criogénicos de campo.,A,"Los milímetros de columna de agua (mmH_2O) son una unidad tradicional de presión que equivale a la presión hidrostática ejercida por una columna de agua pura de un milímetro de altura, muy usada para tiro de chimeneas o caídas de presión en filtros de aire."
141,Tópico 6: Reconocimiento de Magnitudes,¿Qué magnitud física describe la cantidad de vapor de agua contenida en una mezcla gaseosa dentro de una cámara de secado industrial?,Humedad (Absoluta o Relativa).,Presión Vaporizada Hidrostática.,Viscosidad Cinemática Dinámica.,Temperatura de Bulbo Seco Kelvin.,A,"La humedad es la magnitud que cuantifica la presencia de agua en estado gaseoso dentro de un gas de proceso, crítica para sectores como el papelero, textil, alimentario y de climatización (HVAC)."
142,Tópico 6: Reconocimiento de Magnitudes,"¿Qué unidad del sistema anglosajón se emplea habitualmente en la industria petrolera para expresar el ""Caudal Volumétrico"" diario de extracción?",Barriles por día (BPD).,Libras por hora (lb/h).,Galones por segundo (GPS).,Pascales por minuto (Pa/min).,A,"En el sector del petróleo y gas (O&G), el barril por día (BPD o bbl/d) es la unidad macroscópica estandarizada para cuantificar la producción o refinamiento de crudo."
143,Tópico 6: Reconocimiento de Magnitudes,"Si un instrumento industrial registra variaciones en la magnitud de ""Frecuencia"" expresada en Hertz (Hz) proveniente de un eje giratorio, ¿qué variable mecánica indirecta está determinando?",Velocidad de rotación o Velocidad angular (RPM).,Fuerza de torsión axial o Torque hidrostático.,Caudal másico por efecto de Coriolis compacto.,Presión diferencial de película delgada.,A,"Contar la frecuencia de pulsos eléctricos o magnéticos generados por revolución permite calcular de forma directa la velocidad angular del eje, expresada comúnmente en Revoluciones por Minuto (RPM)."
144,Tópico 6: Reconocimiento de Magnitudes,¿Cuál es la unidad de medida industrial que representa el volumen de un fluido en el sistema inglés equivalente a 3.785 litros?,El Galón (Gal).,El Barril (bbl).,El Pie cúbico (ft³).,La Onza líquida (fl\ oz).,A,"El galón estadounidense (gal) es una unidad de volumen muy común en instrumentación industrial que equivale exactamente a 3.78541 litros, muy empleada en medidores de flujo de procedencia americana."
145,Tópico 6: Reconocimiento de Magnitudes,¿Qué magnitud física describe la cantidad de energía por unidad de tiempo transferida a través de una línea de alimentación eléctrica para operar las bombas de planta?,Potencia Eléctrica (expresada en Watts o Kilowatts).,Corriente de Lazo (expresada en miliamperios de cero vivo).,Tensión de Aislamiento (expresada en Voltios eficaces senoidales).,Frecuencia de Red (expresada en Hertz digitales binarios).,A,"La potencia eléctrica (P = V \cdot I en sistemas de CC) mide el ritmo de consumo de energía de las maquinarias y actuadores por unidad de tiempo, expresada en Watts (W), Kilowatts (kW) o HP."
146,Tópico 6: Reconocimiento de Magnitudes,"¿Qué magnitud física mide un instrumento de campo denominado ""Vórtice"" (Vortex) basándose en la frecuencia de desprendimiento de torbellinos detrás de un cuerpo rombo?",Caudal Volumétrico.,Nivel Hidrostático.,Presión Barométrica.,Temperatura Criogénica.,A,Los flujómetros Vortex aprovechan el principio de desprendimiento de vórtices de Von Kármán: la frecuencia con la que se generan los remolinos detrás de una obstrucción en la tubería es directamente proporcional a la velocidad del fluido (caudal volumétrico).
147,Tópico 6: Reconocimiento de Magnitudes,"¿A qué variable de proceso corresponde la unidad de medida industrial denominada ""Grados Fahrenheit"" (°F)?","Temperatura, utilizada principalmente en sistemas de control bajo normativas norteamericanas.","Presión, correspondiente a la resistencia óhmica de un conductor de platino.","Caudal, determinada por el volumen que cruza un orificio cada 30 segundos.","Nivel, asociada al porcentaje de escala útil de un transmisor ultrasónico.",A,El grado Fahrenheit (°F) es una escala de temperatura no métrica ampliamente difundida en equipos de origen estadounidense e industrias específicas de refinación y procesos térmicos.
148,Tópico 6: Reconocimiento de Magnitudes,¿Qué tipo de magnitud de proceso se monitorea mediante electrodos sumergidos que miden la capacidad de una solución acuosa para conducir corriente eléctrica?,Conductividad Eléctrica (asociada a la concentración de iones o pureza del agua).,Presión Hidrostática Variable.,Caudal Másico por Inducción.,Humedad Relativa Absoluta.,A,"La conductividad mide la facilidad de un fluido para transportar corriente, reflejando directamente la presencia y concentración de sales o minerales disueltos, vital para plantas de tratamiento de aguas y calderas."
149,Tópico 6: Reconocimiento de Magnitudes,"¿Qué magnitud física determina un sensor de ""Proximidad"" industrial instalado sobre una cinta transportadora automatizada?",La presencia o distancia física de un objeto dentro de una zona de detección espacial delimitada.,El caudal totalizado de masa sólida depositada a lo largo de un turno operativo.,La agitación térmica molecular expresada a partir del cero absoluto Kelvin.,El gradiente de presión diferencial generado por la fricción mecánica de los rodillos.,A,"Los sensores de proximidad (inductivos, capacitivos, ópticos) determinan de manera digital (On/Off) o analógica continua si un objeto físico ha entrado o no en su rango de acción sin contacto mecánico."
150,Tópico 6: Reconocimiento de Magnitudes,"¿A qué magnitud de proceso corresponde la unidad de medida de ""Pies Cúbicos Estándar por Minuto"" (SCFM)?","Caudal Volumétrico de gases, corregido a condiciones estandarizadas de presión y temperatura.",Presión Diferencial Neumática de baja impedancia y cero vivo redundante.,Nivel Dinámico en silos verticales expuestos a condiciones criogénicas de campo.,Masa Compactada por unidad de área bajo fuerzas gravitacionales variables.,A,"La unidad SCFM (Standard\ Cubic\ Feet\ per\ Minute) mide el flujo de gases referenciado a condiciones estándar de laboratorio, eliminando los errores volumétricos que causan los cambios de temperatura y presión en los gases."
151,Tópico 6: Reconocimiento de Magnitudes,"Si un instrumento industrial mide la magnitud de la ""Fuerza"" expresada en Newtons (N) aplicada sobre un vástago de una válvula actuada, ¿qué parámetro está monitoreando directamente?",El empuje mecánico o carga lineal generado por el actuador para vencer la resistencia del fluido.,El caudal volumétrico neto que escapa por los sellos de empaquetadura de la cañería.,La temperatura de unión fría requerida para calibrar el algoritmo PID del PLC.,La densidad química absoluta del fluido compresible confinado en el lazo cerrado.,A,"El monitoreo de la fuerza o empuje ejercido por el actuador neumático o eléctrico sirve para verificar el correcto sellado de la válvula, diagnosticar fricciones excesivas o atascos en el vástago."
152,Tópico 6: Reconocimiento de Magnitudes,"¿A qué magnitud física corresponde formalmente la unidad de medida industrial denominada ""Atmósfera"" (atm)?","Presión, equivalente aproximadamente a la presión ejercida por la atmósfera terrestre a nivel del mar.","Temperatura, escalada linealmente a partir del cero absoluto medido en Kelvin.","Caudal, definida como el espacio volumétrico desplazado cada 45 segundos en la planta.","Conductividad, medida a través de la inyección de lazos de corriente analógicos.",A,"La atmósfera (atm) es una unidad de presión convencional que equivale a 101325\ Pa (o unos 14.7\ psi), utilizada con frecuencia en descripciones de procesos de alta presión de gases."
153,Tópico 6: Reconocimiento de Magnitudes,¿Qué magnitud de proceso se determina midiendo la atenuación o absorción de un haz de luz que atraviesa un fluido cargado de partículas en suspensión?,"Turbidez (o claridad del fluido, asociada a la calidad en plantas de tratamiento).",Presión Manométrica Diferencial.,Viscosidad Cinemática Joule.,Caudal Volumétrico de Masa.,A,"La turbidez mide el nivel de opacidad o falta de transparencia de un líquido causada por residuos o sólidos suspendidos, evaluándose mediante principios ópticos (nefelometría) en procesos de potabilización o alimenticios."
154,Tópico 6: Reconocimiento de Magnitudes,"¿Cuál es la unidad del Sistema Internacional empleada para cuantificar la magnitud de la ""Masa"" de una materia prima almacenada en un silo industrial?",El Kilogramo (kg).,El Newton (N).,El Litro (l).,El Pascal (Pa).,A,"El kilogramo (kg) es la unidad base del Sistema Internacional para medir la masa (cantidad de materia), parámetro crítico que se monitorea de forma continua mediante celdas de carga dispuestas bajo los apoyos del silo."
155,Tópico 6: Reconocimiento de Magnitudes,¿Qué magnitud de proceso describe el ángulo de apertura o la distancia de desplazamiento lineal de un elemento final de control como una compuerta Damper?,Posición (expresada comúnmente en porcentaje de apertura de 0% a 100%).,Velocidad Angular de rotación por pulsos digitales binarios.,Frecuencia de muestreo analógico de lazo abierto.,Fuerza gravitacional neta corregida por tara mecánica.,A,La posición del vástago o compuerta es una variable de estado del actuador fundamental que mide un posicionador para asegurar que el elemento final de control obedezca exactamente la orden del controlador.
156,Tópico 6: Reconocimiento de Magnitudes,"¿A qué variable física corresponde la unidad de medida industrial denominada ""Centipoise"" (cP)?",Viscosidad Dinámica del fluido de proceso.,Presión Absoluta por debajo de la atmósfera local.,Caudal Másico corregido por el efecto Seebeck.,Temperatura de ebullición escalada en Kelvin.,A,"El centipoise (cP) es la unidad submúltiplo del Poise en el sistema cegesimal, aceptada ampliamente en la industria para catalogar la viscosidad dinámica de líquidos (ej. aceites, polímeros, jarabes)."
157,Tópico 6: Reconocimiento de Magnitudes,¿Qué magnitud se define operacionalmente como la relación matemática entre la cantidad de sustancia química disuelta y el volumen total de la solución?,"Concentración (expresada en porcentaje, partes por millón o molaridad).",Densidad Relativa Hidrostática de campo.,Conductividad Térmica por efecto Joule.,Caudal Volumétrico de tipo lineal discontinuo.,A,"La concentración determina la pureza o dosificación exacta de componentes químicos dentro de un líquido, siendo medida mediante sensores de pH, conductividad, refractómetros o analizadores en línea."
158,Tópico 6: Reconocimiento de Magnitudes,"¿A qué magnitud industrial corresponde la unidad de medida denominada ""Metros por Segundo"" (m/s) en el contexto de la instrumentación de flujo?",Velocidad Lineal del fluido dentro del conducto (utilizada para calcular el caudal junto al área).,Presión Diferencial generada a través de una placa de orificio calibrada.,Temperatura de propagación de un termopar de metales nobles en planta.,Nivel Absoluto alcanzado por la superficie de un sólido granulado.,A,"La velocidad lineal (v) expresada en m/s mide la rapidez con la que viaja el fluido. Multiplicando esta velocidad por el área transversal de la cañería (A), los flujómetros ultrasónicos o electromagnéticos deducen el caudal volumétrico (Q = A \cdot v)."
159,Tópico 6: Reconocimiento de Magnitudes,"Si un sensor industrial mide el ""pH"" de una solución en un proceso de neutralización química, ¿qué magnitud analítica específica está cuantificando?","La actividad o concentración de iones de hidrógeno, indicando el grado de acidez o alcalinidad de la sustancia.",El caudal volumétrico neto que inyecta la bomba dosificadora cada 30 segundos.,La presión de vapor confinada que satura los canales analógicos del PLC central.,La conductividad eléctrica total medida a partir del cero absoluto Kelvin.,A,"El pH es una magnitud química adimensional exponencial que va de 0 a 14. Mide la concentración de iones H^+, lo cual es crítico para evitar corrosiones, mantener reacciones biológicas o cumplir normativas ambientales."
160,Tópico 6: Reconocimiento de Magnitudes,"¿A qué magnitud de proceso corresponde la especificación técnica industrial de ""Líneas de Muestreo de Partes por Millón"" (ppm)?",Concentración de gases o contaminantes (rangos muy bajos o trazas de gas en aire).,Caudal Másico por efecto de Coriolis en condiciones criogénicas.,Presión Manométrica Diferencial en calderas de alta potencia.,Nivel Dinámico Continuo medido mediante visores mecánicos locales.,A,"Las partes por millón (ppm) son una unidad de medida de concentración que determina la cantidad de unidades de una sustancia que hay por cada millón de unidades del conjunto, ideal para la detección de fugas de gases tóxicos o explosivos."
161,Tópico 6: Reconocimiento de Magnitudes,"¿Qué magnitud física mide un instrumento basado en el principio de Faraday, donde un fluido conductor corta las líneas de un campo magnético inducido eléctricamente?",Caudal Volumétrico (mediante un flujómetro electromagnético).,Presión Absoluta (mediante un sensor piezorresistivo de película delgada).,Temperatura Local (mediante la unión de metales heterogéneos Seebeck).,Nivel Estático (mediante un interruptor digital de flotador mecánico).,A,"La ley de inducción electromagnética de Faraday establece que un conductor (el fluido con conductividad mínima) que se mueve a través de un campo magnético genera un voltaje proporcional a su velocidad lineal, principio con el cual opera el flujómetro electromagnético para calcular el caudal."
162,Tópico 5: Sensores de Procesos,¿Cuál es la diferencia conceptual operativa básica entre un sensor inductivo y un sensor capacitivo en la industria?,"El inductivo detecta exclusivamente objetos metálicos mediante campos magnéticos, mientras que el capacitivo puede detectar tanto metálicos como no metálicos evaluando cambios en la permitividad dieléctrica.",El capacitivo opera únicamente bajo el principio Seebeck de milivoltios y el inductivo trabaja mediante enlaces neumáticos de 3-15 psi.,El inductivo requiere que el objeto esté en contacto físico directo y el capacitivo trabaja a distancias espaciales superiores a 5 metros.,Ambos sensores son idénticos y se limitan exclusivamente al monitoreo de temperaturas extremas en la escala absoluta Kelvin.,A,"Los sensores de proximidad inductivos basan su principio en las pérdidas por corrientes de Foucault sobre blancos ferrosos o metálicos. Los capacitivos reaccionan ante cualquier material que altere la capacitancia del circuito sensor, como plásticos, líquidos o cartón."
163,Tópico 5: Sensores de Procesos,"¿Qué describe conceptualmente el ""Tiempo muerto"" o tiempo de respuesta de un sensor analógico industrial?",Es el intervalo de tiempo que transcurre desde que ocurre un cambio instantáneo en la variable de proceso hasta que el sensor refleja dicho cambio en su salida.,Es el periodo de mantenimiento preventivo obligatorio donde el transmisor corta su lazo analógico y cae a cero miliamperios.,Es el error sistemático que se inyecta de forma matemática descendente cuando el PLC opera por encima de su frecuencia límite.,Es el tiempo que le toma a una celda de carga estabilizar el peso de una tolva aplicando la calibración de tara.,A,"El tiempo de respuesta define la velocidad dinámica del instrumento. Un tiempo de respuesta elevado significa un retraso en la retroalimentación, lo cual dificulta que el controlador responda rápidamente ante perturbaciones."
164,Tópico 5: Sensores de Procesos,"¿Cómo funciona un sensor óptico industrial del tipo ""Barrera"" (Through-Beam) en una línea de embotellado?",El emisor y el receptor están instalados en extremos opuestos orientados entre sí; el objeto es detectado cuando interrumpe físicamente el haz de luz continuo.,El emisor aloja un transductor ultrasónico que calcula el tiempo de vuelo de la luz reflejada directamente sobre la etiqueta física.,Utiliza un espejo reflector para desviar la señal hacia una tarjeta de entradas analógicas configurada en un estado On/Off con histéresis.,Opera midiendo la resistencia eléctrica de un conductor de platino que se enfría de forma proporcional a la velocidad de la cinta.,A,"Los sensores de barrera óptica colocan el emisor de un lado y el receptor del otro. Al pasar el producto, bloquea la trayectoria de la luz, lo que conmuta el estado digital del sensor de manera instantánea y altamente confiable."
165,Tópico 5: Sensores de Procesos,"¿Qué es conceptualmente la ""Histéresis"" en un interruptor digital de nivel o proximidad?","Es la diferencia de distancia o valor entre el punto de activación y el punto de desactivación del sensor, lo que evita conmutaciones repetitivas y falsas alarmas ante ruidos.",Es el porcentaje fijo de corriente de cero vivo que el transmisor absorbe del lazo de 4-20 mA para alimentar su circuito interno.,Es la descalibración irreversible del transductor provocada por ruidos electromagnéticos de un variador de frecuencia síncrono.,Es el balance de masa térmica que experimentan los sensores criogénicos cuando operan en las cercanías del cero absoluto Kelvin.,A,"Sin histéresis, si una variable u objeto oscila levemente sobre el punto de consigna, el sensor digital prendería y apagaría de forma violenta. La histéresis introduce un desfase que estabiliza la salida lógica del PLC."
166,Tópico 5: Sensores de Procesos,"¿Cuál es la función principal de un ""Sensor de Presión Piezorresistivo"" en una cañería de gas?",Aprovechar el cambio de resistencia eléctrica que sufre un material semiconductor cuando es deformado mecánicamente por la presión del fluido.,Generar una fuerza electromotriz directa en milivoltios basada exclusivamente en el efecto termoeléctrico Seebeck.,Interrumpir mecánicamente el flujo de gas activando una compuerta lógica On/Off por contacto seco cuando se corta la energía eléctrica.,Monitorear la conductividad iónica del fluido compresible mediante la inyección de señales analógicas de 0 a 10 VCC.,A,"Los sensores piezorresistivos utilizan galgas extensométricas integradas en un diafragma de silicio o metal. Al actuar la presión, el diafragma se deforma, variando la resistencia eléctrica de forma proporcional para que el transmisor escale la señal."
167,Tópico 5: Sensores de Procesos,"¿Qué limitación técnica posee un sensor óptico del tipo ""Difuso"" en comparación con uno de tipo Barrera?","Es altamente sensible al color, brillo y textura de la superficie del objeto detectado, lo que puede provocar variaciones indeseadas en la distancia de conmutación.",No puede conectarse a canales digitales binarios del PLC debido a que su salida es estrictamente de tipo neumático.,Exige el uso obligatorio de cables de compensación de metales nobles para no destruir los diodos emisores de luz en campo.,Sufre de autocalentamiento por efecto Joule lo que falsea de forma sistemática el perfil de desplazamiento continuo del material.,A,"En el sensor difuso, el haz de luz se refleja en el propio objeto. Si el objeto cambia de color (de blanco a negro) o de brillo, la cantidad de luz que regresa al receptor varía, alterando la confiabilidad de la detección."
168,Tópico 5: Sensores de Procesos,"En el contexto de los sensores analógicos, ¿qué define el concepto de ""Linealidad""?",Es el grado de aproximación con el que la curva real de salida del sensor se ajusta a una línea recta teórica en todo su rango de medición.,Es la capacidad del instrumento para operar sin interrupciones físicas durante un intervalo ininterrumpido de 10 minutos.,El comportamiento de conmutación discreta binaria donde el cero de la escala se asocia de forma obligatoria al cero vivo.,La distancia física máxima en metros de cañería que el haz ultrasónico puede recorrer antes de sufrir aliasing matemático.,A,"Un sensor con excelente linealidad garantiza que incrementos iguales en la variable medida (entrada) producirán incrementos proporcionales iguales en la señal eléctrica generada (salida), facilitando su escalamiento en el PLC."
169,Tópico 5: Sensores de Procesos,"¿Qué tipo de blanco o material es incapaz de activar a un sensor de proximidad magnético del tipo ""Efecto Hall""?",Cualquier objeto que carezca de un campo magnético propio o que no esté magnetizado (como un bloque de plástico o aluminio común).,Un imán permanente de neodimio montado sobre un eje giratorio síncrono que opera a altas revoluciones por minuto.,Una varilla de hierro dulce que deforma las líneas de fuerza gravitacionales en un lazo cerrado de control.,Un conductor eléctrico que transporta una señal de corriente analógica estandarizada de 4 a 20 mA.,A,"Los sensores de Efecto Hall reaccionan directamente ante la densidad de un flujo magnético externo. Si el objeto que se acerca no es un imán o no posee magnetismo, el sensor no registrará cambio de voltaje en su pastilla semiconductora."
170,Tópico 5: Sensores de Procesos,"¿Qué principio constructivo define a un ""Sensor de Nivel de Tipo Capacitivo"" para estanques de líquidos?",El sensor actúa como una placa de un condensador y la pared del estanque (o una varilla de masa) actúa como la otra; el nivel de líquido altera el dieléctrico variando la capacitancia total.,Utiliza una boya flotante mecánica que abre o cierra de forma binaria un contacto seco de potencia aislado en el cabezal.,Mide la caída de tensión hidrostática mediante la inyección continua de corrientes elevadas superiores a 20 mA.,Se basa en la rotación angular de una paleta rotativa que se detiene físicamente cuando es cubierta por sólidos granulados.,A,"Al subir el líquido en el tanque, desplaza al aire entre los electrodos. Como el líquido tiene una constante dieléctrica distinta a la del aire, la capacitancia cambia proporcionalmente a la altura del nivel, permitiendo una medición continua."
171,Tópico 5: Sensores de Procesos,"¿Cuál es la función técnica de un sensor óptico del tipo ""Retroreflectivo"" (Réflex)?",El emisor y el receptor están en el mismo cuerpo y la luz requiere rebotar en un reflector prismático especial; la detección ocurre cuando el objeto bloquea dicho retorno.,Emitir pulsos acústicos de alta frecuencia que rebotan en un espejo de agua para calcular el vaciado rápido en metros.,Modificar la escala absoluta Kelvin de las pantallas SCADA mediante la absorción de haces infrarrojos parásitos.,Funcionar como un interruptor de límite mecánico que detiene físicamente las compuertas de descarga de una tolva de tara.,A,"El sensor réflex optimiza el cableado ya que aloja emisor y receptor en un solo punto, requiriendo un elemento pasivo (catadióptrico o reflector) al otro extremo. Al interrumpirse el haz reflejado, se altera el estado lógico del canal."
172,Tópico 5: Sensores de Procesos,"¿Qué describe conceptualmente la ""Sensibilidad"" de un sensor analógico industrial?",Es la relación matemática entre el cambio en la señal de salida eléctrica y el cambio correspondiente en la magnitud física de entrada en el proceso.,La inmunidad del dispositivo ante ruidos electromagnéticos severos provocados por los motores de la planta.,El límite de temperatura inferior medido en grados Celsius por debajo del cual el transductor sufre burnout térmico.,El tiempo que le toma al algoritmo del PLC transformar una señal analógica pura en datos digitalizados de bus de campo.,A,"La sensibilidad determina qué tanto responde el sensor ante variaciones de la variable. Una alta sensibilidad significa que pequeñas variaciones de presión, caudal o temperatura generarán cambios detectables en la señal analógica."
173,Tópico 5: Sensores de Procesos,"¿Cómo detecta el caudal un sensor del tipo ""Flujómetro Electromagnético"" según los principios de la automatización?","Utiliza la ley de Faraday, midiendo el voltaje inducido en un fluido conductor que se desplaza a través de un campo magnético generado por las bobinas del sensor.",Cuenta la cantidad de torbellinos y remolinos que se desprenden de forma lineal detrás de un cuerpo rombo fijado en la tubería.,Registra la deformación mecánica de una placa de orificio que reduce el área útil de paso de los fluidos altamente viscosos.,Monitorear los pulsos digitales que genera una hélice o turbina interna suspendida por rodamientos mecánicos de zafiro.,A,El flujómetro electromagnético no obstruye el paso del fluido ni causa caídas de presión. Requiere obligatoriamente que el fluido tenga una conductividad eléctrica mínima para generar el voltaje inducido que mide el instrumento.
174,Tópico 5: Sensores de Procesos,¿Qué ventaja conceptual ofrece un sensor de proximidad ultrasónico frente a un sensor óptico en ambientes con alta presencia de polvo suspendido?,"El ultrasonido utiliza ondas mecánicas sonoras que no se ven afectadas por la opacidad del aire, el polvo o la acumulación de suciedad en la cara del sensor.",El ultrasonido convierte las perturbaciones de la línea en voltajes directos estables de 0 a 10 VCC mediante el efecto Seebeck.,Cancela por completo el fenómeno del autocalentamiento Joule permitiendo calibrar la tara mecánica de la tolva en cero.,Trabaja exclusivamente acoplado a sistemas neumáticos de 3-15 psi eliminando los retrasos de tiempo de la planta.,A,"La luz de los sensores ópticos se dispersa o bloquea ante nubes de polvo o lentes sucios, provocando fallas. Las ondas de sonido de los sensores ultrasónicos atraviesan estas atmósferas sin perder su capacidad de rebotar en el objeto objetivo."
175,Tópico 5: Sensores de Procesos,"¿Qué se entiende conceptualmente por ""Repetibilidad"" de un instrumento de medición industrial?",La capacidad del sensor para entregar lecturas idénticas ante una misma variable de proceso medida repetidas veces bajo las mismas condiciones de operación.,El número de veces que el operador de planta puede modificar manualmente el Set Point del lazo cerrado en un turno.,La velocidad lineal constante a la que un fluido cruza una válvula proporcional abierta al 100 por ciento de su escala.,El escalamiento matemático automático que ejecuta la tarjeta del PLC para suprimir las derivas aleatorias de la red.,A,"La repetibilidad evalúa la consistencia del sensor a corto plazo. Si un sensor mide la misma presión de 10 bar diez veces seguidas y entrega valores dispersos, posee una baja repetibilidad, lo que reduce la confiabilidad del control."
176,Tópico 5: Sensores de Procesos,"¿Cuál es el principio operativo de un ""Sensor de Flujo por Presión Diferencial"" que utiliza una placa de orificio?",Provoca una restricción física en la tubería para generar una caída de presión que es medida por un transductor; dicha diferencia es proporcional al cuadrado del caudal.,Utiliza un haz de luz artificial que mide la turbidez y densidad de las partículas en suspensión dentro del lazo cerrado.,Inyecta corrientes eléctricas oscilantes para alterar la viscosidad cinemática de los hidrocarburos volátiles en campo.,Activa un contacto seco digital binario On/Off cada vez que la velocidad angular del fluido supera los límites del proceso.,A,"Al pasar el fluido por el estrechamiento de la placa de orificio, la velocidad aumenta y la presión estática disminuye (principio de Bernoulli). Midiendo la presión antes y después de la placa se infiere analíticamente el caudal volumétrico."
177,Tópico 5: Sensores de Procesos,"¿Qué describe conceptualmente la ""Resolución"" de un sensor digitalizado o de un canal de adquisición en un PLC?",Es el cambio más pequeño en la variable medida que el instrumento es capaz de detectar y reflejar en su señal de salida.,El valor máximo absoluto de temperatura medido en Kelvin que soporta la carcasa hermética antes de fracturarse.,La acción correctiva total que aplica una válvula de control proporcional para anular el error del sistema de planta.,La distancia mínima en metros que debe existir entre los lazos de corriente de 4-20 mA y los cables de potencia eléctrica.,A,"La resolución define la finura del instrumento. Si un sensor de nivel tiene una resolución de 1 centímetro, no podrá detectar variaciones milimétricas de la altura del líquido, mostrando escalones en la lectura."
178,Tópico 5: Sensores de Procesos,"En la automatización de almacenes, ¿cuál es la función de un sensor de proximidad ""Capacitivo"" cuando se instala en un silo de grano seco?",Detectar la presencia o ausencia del grano a una altura fija debido a que la masa sólida cambia la constante dieléctrica local del sensor.,Medir el gradiente termoeléctrico Seebeck generado por la fricción molecular del material granulado al caer de la tolva.,Transmitir una señal neumática lineal de 3 a 15 psi que indica el peso de la tara corregido de manera matemática descendente.,Garantizar el enclavamiento de hardware de los motores trifásicos mediante la emisión de ondas acústicas de alta velocidad.,A,"Los sensores capacitivos de proximidad son ideales para controlar niveles máximos o mínimos de sólidos no metálicos (plásticos, granos, madera) en silos o tolvas a través de paredes delgadas o por inserción directa."
179,Tópico 5: Sensores de Procesos,"¿Qué fenómeno físico aprovecha un ""Sensor de Flujo Ultrasónico por Efecto Doppler"" para medir la velocidad de un fluido?",El cambio en la frecuencia de la onda acústica reflejada por partículas o burbujas en movimiento dentro del líquido de proceso.,La fuerza gravitacional neta ejercida sobre los sensores hidrostáticos cuando ocurre una rotura de cañería aguas abajo.,La variación óhmica lineal de una resistencia de platino Pt1000 expuesta a variaciones de flujo volumétrico en planta.,La conmutación discreta binaria provocada por la distorsión geométrica de un haz de luz difuso de alta intensidad.,A,"El flujómetro Doppler exige que el fluido contenga partículas suspendidas o burbujas de gas. Al chocar el ultrasonido con estas partículas en movimiento, la onda regresa al receptor con una frecuencia alterada, lo que permite deducir la velocidad del fluido."
180,Tópico 5: Sensores de Procesos,"¿Qué se entiende formalmente por el rango de ""Span"" en la calibración de un transmisor industrial analógico?",Es la diferencia aritmética entre el valor máximo y el valor mínimo del rango de operación configurado en el instrumento.,El valor constante de 4 miliamperios que representa matemáticamente el punto de consigna o Set Point de la planta.,La distancia máxima en metros que puede recorrer la señal analógica de 0-10 VCC sin sufrir caídas de tensión de línea.,El tiempo total que le toma al software SCADA actualizar la interfaz gráfica compartida ante perturbaciones severas.,A,"El Span es el alcance útil de la calibración ($Span = Valor Superior - Valor Inferior$). Por ejemplo, si un transmisor de presión está calibrado de 2 a 10 bar, su rango es de 2 a 10 bar, y su Span es de exactamente 8 bar."
181,Tópico 5: Sensores de Procesos,"¿Cómo opera conceptualmente un ""Sensor de Presión Absoluta"" y en qué se diferencia constructivamente de uno manométrico?","Posee una cámara de referencia interna sellada bajo condiciones de vacío perfecto, independizando su lectura de las variaciones barométricas ambientales.",Trabaja acoplado a un tubo Bourdon abierto a la atmósfera local que transmite movimientos mediante señales neumáticas de 3-15 psi.,Utiliza hilos de platino puro configurados a 4 conductores para anular de forma matemática la resistencia de las líneas.,Es un dispositivo puramente digital binario On/Off que conmuta sus contactos secos cuando la presión iguala el cero absoluto Kelvin.,A,"El sensor manométrico expone la parte posterior de su diafragma a la atmósfera, midiendo presiones respecto al aire local. El sensor absoluto está sellado al vacío en su interior, lo que le permite medir la presión real verdadera independientemente del clima o la altitud de la planta."
182,Tópico 5: Sensores de Procesos,"¿Qué describe conceptualmente la ""Deriva Térmica"" (Thermal Drift) en un sensor de presión o peso en campo?","Es la variación no deseada en la señal de salida del sensor provocada exclusivamente por los cambios en la temperatura ambiente de la planta, afectando la precisión.",El movimiento de calor convectivo que funde la soldadura de la unión caliente de un termopar tipo K de metales nobles.,La velocidad a la que el controlador PID modifica la variable manipulada para corregir un error del lazo térmico.,El escalamiento informático descendente que ejecuta el PLC para forzar al transmisor a trabajar en lazo abierto de seguridad.,A,"La deriva térmica es un error común en la instrumentación. Al calentarse o enfriarse los componentes electrónicos y mecánicos del sensor debido al clima o al proceso, su calibración original sufre un pequeño desvío que debe ser minimizado por diseño."
183,Tópico 5: Sensores de Procesos,¿Qué tipo de sensor de flujo se basa en medir la fuerza de torsión o la deflexión provocada por la fuerza de inercia que aparece en un tubo vibratorio por el que circula masa?,El flujómetro másico por efecto de Coriolis.,El flujómetro de turbina con indicación local compartida.,El flujómetro electromagnético accionado bajo la ley de Faraday.,La placa de orificio asociada a celdas piezorresistivas lineales.,A,"Los medidores de Coriolis hacen vibrar un par de tubos de flujo. Al pasar el fluido, la inercia provoca una torsión en los tubos proporcional al caudal másico directo de forma altamente precisa e independiente de la densidad del fluido."
184,Tópico 5: Sensores de Procesos,"¿Qué característica define operacionalmente a un ""Sensor de Proximidad Magnético Reed Switch""?",Es un interruptor digital binario compuesto por dos lengüetas ferromagnéticas selladas que se atraen y cierran el circuito eléctrico ante la presencia de un imán.,Un transductor analógico continuo que genera voltajes lineales de 0 a 10 VCC proporcionales a la agitación molecular local.,Un sensor ultrasónico de alta impedancia que mide el tiempo de vuelo del sonido en líneas de vapor de alta presión.,Un dispositivo de seguridad mecánica que corta de forma directa la alimentación de los motores síncronos mediante señales de 4-20 mA.,A,"El interruptor Reed es un elemento digital muy simple y confiable para detectar posiciones fijas (como el recorrido de un cilindro neumático). Al acercarse un imán montado en el émbolo, las lengüetas se unen, conmutando la entrada del PLC."
185,Tópico 5: Sensores de Procesos,"¿Cuál es la principal ventaja operativa de un sensor de nivel de ""Radar"" frente a uno de tipo Ultrasónico en tanques presurizados con presencia de vapores densos?","El radar emite ondas electromagnéticas que viajan en el vacío y a través de vapores sin verse alteradas por la densidad, presión o temperatura del gas.",El radar genera corrientes directas elevadas superiores a 20 mA que limpian mecánicamente la cara interna del transductor.,El radar opera bajo el principio de retroalimentación mecánica eliminando la lógica de enclavamiento del PLC central.,Utiliza cables de compensación trenzados que transforman la señal analógica en variables discretas de tipo On/Off.,A,"Las ondas ultrasónicas (sonido) requieren un medio elástico (aire) para propagarse y se desvían o atenúan si cambian la temperatura, presión o composición del gas en el tanque. El radar usa microondas, siendo inmune a las variaciones del gas sobre el líquido."
186,Tópico 5: Sensores de Procesos,"¿Qué se entiende por ""Error de Cero"" en la calibración de un transmisor industrial?",Es un desvío constante en el que el instrumento entrega una lectura de salida distinta de cero (o distinta de 4 mA) cuando la variable de proceso está en su límite inferior real.,La desconexión física total del cable conductor que activa instantáneamente el bloque de alarma de falla del SCADA central.,La interferencia electromagnética severa provocada por los transductores de proximidad sobre el algoritmo de control.,El desfase matemático provocado por ajustar la variable manipulada por encima del Set Point fijado en grados Kelvin.,A,"El error de cero (Zero Shift) desplaza la curva de calibración de forma paralela hacia arriba o hacia abajo. Si un tanque está vacío y el transmisor entrega 4.5 mA en lugar de 4.0 mA, existe un error de cero que afectará todas las lecturas del lazo."
187,Tópico 5: Sensores de Procesos,"¿Qué parámetro constructivo define el ""Grado de Protección IP"" (ej. IP67) en la especificación técnica de un sensor industrial?",Define el nivel de estanqueidad y resistencia de la carcasa física del sensor contra el ingreso de objetos sólidos (como polvo) y líquidos (como agua).,Determina la resolución matemática en bits del convertidor analógico a digital integrado en los canales de entrada del PLC.,Establece el rango óptimo de corriente en mA que el lazo cerrado requiere para operar de forma lineal en la planta textil.,Especifica la cantidad de perturbaciones aleatorias que el transductor puede suprimir utilizando la escala absoluta Kelvin.,A,La sigla IP (Ingress Protection) es una norma internacional. El primer dígito indica la protección contra sólidos (0 a 6) y el segundo contra líquidos (0 a 9). Un sensor IP67 es totalmente estanco al polvo y soporta inmersiones temporales en agua.
188,Tópico 5: Sensores de Procesos,"¿Cómo funciona conceptualmente un ""Sensor de Flujo de Turbina"" en un lazo de control de agua industrial?","El fluido impacta las paletas de una hélice interna haciéndola girar; un sensor de proximidad exterior cuenta las RPM de la hélice, siendo la frecuencia directamente proporcional al caudal.",Mide la caída de presión estática generada de forma matemática descendente a través de una placa de orificio calibrada.,Utiliza la ley de Faraday induciendo fuerzas electromotrices en un fluido que posee una conductividad eléctrica mínima.,Monitorea de forma continua las variaciones resistivas que sufre un conductor de platino Pt100 debido a la agitación molecular.,A,El flujómetro de turbina es un medidor de tipo mecánico y velocidad. Su salida suele ser un tren de pulsos de frecuencia variable que ingresa a una tarjeta contadora de alta velocidad del PLC para deducir el caudal volumétrico.
189,Tópico 5: Sensores de Procesos,"¿Qué describe conceptualmente la ""Estabilidad a largo plazo"" de un sensor industrial montado en una refinería?",La capacidad del instrumento para mantener sus características de calibración y precisión dentro de límites tolerables a lo largo de meses o años de operación continua.,El tiempo medido en segundos que le toma a una válvula proporcional pasar de una apertura del 0 por ciento al 100 por ciento.,La resistencia mecánica de los cables de compensación ante presiones de fluido superiores a los 60 bar.,El comportamiento del algoritmo PID del controlador cuando la variable de proceso iguala de manera exacta el punto de consigna.,A,"Un sensor con excelente estabilidad a largo plazo requiere recalibraciones menos frecuentes, lo que disminuye los costos de mantenimiento preventivo y garantiza la confiabilidad continua del lazo automatizado de control."
190,Tópico 5: Sensores de Procesos,¿Qué tipo de sensor de nivel continuo utiliza el principio de flotabilidad variando el peso aparente de un cilindro pesado suspendido a medida que el líquido asciende?,"Transmisor de nivel por desplazador (Displacer), basado en el principio de Arquímedes.",Interruptor digital binario de flotador mecánico de contacto seco On/Off.,Sensor hidrostático acoplado a celdas piezorresistivas de película delgada.,Sensor ultrasónico que emite ondas mecánicas acústicas de alta frecuencia.,A,"A diferencia de un flotador común que permanece en la superficie, el desplazador está sumergido y es más denso que el líquido. Al subir el nivel, el empuje hacia arriba aumenta disminuyendo el peso soportado por el resorte o sensor de fuerza del transmisor."
191,Tópico 5: Sensores de Procesos,"¿Cuál es la función conceptual de un ""Sensor de Proximidad Óptico de Tipo Polarizado""?","Utiliza filtros ópticos para emitir y recibir luz en planos perpendiculares, detectando con alta fidelidad objetos muy brillantes o reflectivos que confundirían a un sensor difuso común.",Inyectar voltajes alternos senoidales de alta frecuencia en los bornes de compensación de un termopar de metales nobles.,Convertir las variaciones de desplazamiento continuo del vástago en variaciones neumáticas proporcionales de 3 a 15 psi.,Forzar al canal analógico del PLC a operar de forma exclusiva bajo la escala absoluta Kelvin anulando la histéresis de la red.,A,"Los objetos brillantes reflejan la luz sin despolarizarla. Al usar filtros polarizados cruzados, el sensor óptico ignora los reflejos directos provenientes del brillo del objeto y solo reacciona cuando el haz es bloqueado o dispersado de la manera esperada."
192,Tópico 5: Sensores de Procesos,"¿Qué se entiende formalmente por el error de ""No Linealidad"" (Linearity Error) en la hoja de datos de un sensor analógico?",Es la desviación máxima entre la curva real de calibración del instrumento y una línea recta de referencia optimizada expresada en porcentaje del span.,El corte completo de la línea de transmisión eléctrica que interrumpe la corriente de lazo de 4 a 20 mA de la planta.,La incapacidad del transductor para conmutar su estado lógico binario cuando la variable medida se mantiene estática.,El retraso dinámico severo provocado por la viscosidad del fluido que altera de forma sistemática el Set Point del controlador.,A,"El error de no linealidad cuantifica la imperfección de la respuesta del sensor. Si este error es muy alto en un transductor de presión o temperatura, se requiere aplicar polinomios de corrección matemática dentro de la lógica del PLC."
193,Tópico 5: Sensores de Procesos,¿Qué principio constructivo y operativo define a los sensores de flujo térmicos (Mass Flow Meters) utilizados en líneas de gases puros?,Miden la disipación o transferencia de calor que sufre un elemento calentado sumergido en el fluido; la tasa de enfriamiento es proporcional al caudal másico del gas.,Utilizan una hélice de zafiro que genera pulsos digitales de frecuencia variable al ser impulsada mecánicamente por el fluido.,Miden el diferencial de presión hidrostática generado a través de un tubo Bourdon acoplado a un transductor piezorresistivo.,Se basan en la inducción de voltajes bajo la ley de Faraday haciendo que un líquido conductor corte líneas de fuerza magnética.,A,"Los flujómetros térmicos son muy precisos para caudales bajos de gases. Al pasar el gas, absorbe calor del sensor. Midiendo la potencia necesaria para mantener la temperatura o el gradiente térmico entre dos puntos, se deduce directamente la masa de gas que fluye."
194,Tópico 5: Sensores de Procesos,"¿Cuál es la principal característica operativa de un sensor de proximidad industrial con salida eléctrica de tipo ""Namur""?","Es un sensor de dos hilos que varía su consumo interno de corriente ante la presencia del objeto, diseñado para operar en zonas intrínsecamente seguras con riesgo de explosión.",Conmuta de forma directa cargas de potencia eléctrica de alta tensión en corriente alterna sin usar relés auxiliares.,Entrega una señal neumática modulada de 3 a 15 psi proporcional al perfil de desplazamiento continuo del material.,Opera de forma exclusiva en la escala absoluta Kelvin desactivando las alarmas de proceso alto del software SCADA.,A,Los sensores NAMUR trabajan con voltajes y corrientes sumamente bajos (típicamente 8 VCC) y cambian su resistencia interna de manera que consumen menos de 1 mA o más de 2 mA. Requieren un relé o barrera de aislamiento NAMUR externa que interpreta este cambio de corriente segura.
195,Tópico 5: Sensores de Procesos,"En instrumentación de nivel, ¿qué describe conceptualmente la magnitud de ""Zona Muerta"" (Blanking Distance) en un transmisor ultrasónico?",Es la distancia física mínima que debe existir justo debajo de la cara del sensor dentro de la cual el instrumento es incapaz de medir el nivel debido al tiempo de estabilización del pulso acústico.,El porcentaje fijo del rango útil donde el PLC bloquea la apertura de las compuertas de descarga de una tolva de tara.,El estado de falla en campo que congela el último valor medido en la pantalla de la interfaz gráfica centralizada.,El retardo de transmisión analógica provocado por la resistencia óhmica del conductor de cobre en distancias largas.,A,"Cuando un transductor emite un pulso ultrasónico, el cristal piezoeléctrico sigue vibrando un breve instante (anillo). Si el eco regresa durante esa vibración inicial, el sensor no puede distinguirlo. Por ende, el líquido no debe invadir esa zona muerta."
196,Tópico 5: Sensores de Procesos,"¿Qué ventaja conceptual ofrece utilizar un sensor de nivel por ""Presión Hidrostática"" de tipo acoplado a ras (Flush Diaphragm) en tanques de la industria de alimentos?","Evita la acumulación de residuos, bacterias u obstrucciones en cavidades o tubos de impulso, facilitando los procesos de limpieza en sitio.",Elimina el principio de retroalimentación haciendo que la válvula proporcional trabaje de forma exclusiva en lazo abierto.,Transforma de forma mecánica las lecturas en milivoltios Seebeck a variables de tipo digital binario On/Off.,Permite al instrumento resistir presiones hidrostáticas superiores a los 2250 bar sin alterar la calibración de la tara.,A,"Los diafragmas planos a ras de pared impiden que el producto (por ejemplo, jarabe, leche o chocolate) se estanque en cavidades o cuellos de conexión de instrumentos tradicionales, cumpliendo con las estrictas normativas sanitarias de la automatización alimentaria."
197,Tópico 5: Sensores de Procesos,"¿Qué se entiende formalmente por ""Desviación de Span"" (Gain Shift) en la calibración de un transductor analógico industrial?","Es un cambio en la pendiente de la curva de respuesta del instrumento provocado por envejecimiento o temperatura, alterando la escala de salida de manera proporcional.",La desconexión física total del cable de tierra que activa los enclavamientos mecánicos lógicos detrás del tablero principal.,El desfase constante que se inyecta cuando la variable de proceso cae por debajo del límite de calibración de tara.,El límite de corriente fijo de 20 mA que la tarjeta analógica del PLC inyecta para estabilizar la velocidad angular de la planta.,A,"A diferencia del error de cero (que mueve la curva completa en paralelo), la desviación de span altera la inclinación de la línea de respuesta. Esto significa que el error se amplifica a medida que la variable medida se acerca al valor máximo de la escala."
198,Tópico 5: Sensores de Procesos,"¿Cómo opera un sensor de flujo del tipo ""Área Variable"" o Rotámetro en un sistema de visualización de planta?",Consiste en un tubo cónico vertical y un flotador interno que se eleva debido a la fuerza del fluido hasta equilibrar su peso; la altura del flotador indica visualmente el caudal.,Utiliza electrodos sumergidos que miden la conductividad iónica del fluido aplicando los principios de la ley de Faraday.,Cuenta mecánicamente los torbellinos simétricos de Von Kármán que se desprenden de forma lineal detrás de una obstrucción local.,Mide la fuerza de inercia y la torsión angular que sufre una tubería vibratoria acoplada a un transmisor inteligente.,A,"El rotámetro es un medidor de caudal volumétrico muy simple y visual. El equilibrio de fuerzas (gravedad, empuje y arrastre hidrodinámico) determina la posición del flotador en la escala graduada grabada en el propio tubo transparente."
199,Tópico 5: Sensores de Procesos,"¿Qué describe conceptualmente la especificación técnica de ""Tiempo de Calentamiento"" (Warm-up Time) en un sensor analógico o analizador de gases?",Es el intervalo de tiempo necesario tras energizar el instrumento para que sus componentes internos alcancen la estabilidad térmica y eléctrica requerida para medir con precisión.,El lapso que le toma a una caldera de recuperación elevar la temperatura del aire de proceso de 20 a 80 grados Celsius.,La tasa de autocalentamiento Joule por unidad de tiempo que sufre un filamento de platino Pt100 operando en lazo cerrado.,El tiempo que el operario de planta debe esperar antes de modificar manualmente el punto de consigna en la pantalla SCADA.,A,"Al encender un instrumento industrial (especialmente sensores químicos, ópticos o de presión de alta gama), los circuitos y celdas integradas sufren transitorios térmicos. Las mediciones tomadas durante el tiempo de calentamiento carecen de confiabilidad de diseño."
200,Tópico 5: Sensores de Procesos,¿Qué tipo de sensor de nivel aprovecha las propiedades magnéticas instalando un flotador con imanes internos dentro de un tubo bypass exterior conectado al tanque de proceso?,El indicador de nivel magnético de tipo Flap o regleta de rodillos viradores (Magnetic Level Indicator).,El sensor ultrasónico de tiempo de vuelo que emite pulsos mecánicos acústicos en la escala Kelvin.,La celda de carga de alta resistencia que calcula el peso real de la masa confinada en tanques criogénicos.,Un interruptor lógico Namur de dos hilos diseñado de forma exclusiva para operar bajo condiciones de vacío perfecto.,A,"Al subir o bajar el líquido en el bypass, el imán del flotador arrastra magnéticamente a unos pequeños rodillos o banderas bicolores exteriores, haciéndolas girar de forma visual sin que el operador corra riesgos de fuga del fluido del proceso."